PostID,PostTitle,PostBody,CreateBy,ReleaseDate,CreateDate,LastUpdateDate,LastUpdateDate,Tags,DisableComments,PostUrl,MetaBlogPostTitle,MetaBlogPostDescription,PostFeaturedImage,Slug,URL
767239,Satking-Promax-Caravan-Satellite-Dish,"<p><strong>Watch Tv From Anywhere In Australia. </strong> </p>
<p>- Best Caravan Satellite Dish</p>
<p>- Fully automatic self-aligning.</p>
<p>- Australia Wide Coverage</p>
<p>- Connects within 80 Secs.</p>
<p>- VAST and Foxtel Pre-Programmed</p>
<p>- Flat panel design offers compact size.</p>
<p>- Dual output LNB as standard.</p>
<p>- Built-in 24 Channel GPS to find satellites fast</p>
<p>- Not affected by wind like the large round dishes.</p>
<p>- Suitable for Caravan, motorhome, motor vehicle.</p>
<p>- Automatic retraction when you exceed 10KPH.</p>
<p>- Automatic LNB skew.</p>
<p>- Powerful DC motors with metal gears.</p>
<p>- Can be self-installed.</p>
<p>- Detailed instructions and roof mount included.</p>
<p>- 3 Year warranty.</p>
<p>- 1300 Number helpline (no answering machine)</p>
<p>- Made for harsh Australian conditions.</p>
<p>- Requires less roof area than conventional dish.</p>
<p>- Aussie Owned.</p>
<p>Price - $3,495</p>
<p><img src=""/Satking-Promax-Product-Image.jpg?Action=thumbnail&amp;algorithm=fill_proportional&amp;width=371"" width=""371"">
    <br /> </p>
<p>Learn More -</p>
<p><a href=""https://l.facebook.com/l.php?u=http%3A%2F%2Fwww.satkingpromax.com.au%2F%3Ffbclid%3DIwAR25Br94MfX2v6LDjVt431Zy6izoTdrctShMc9A9bh86xBNS586EA5Jx28E&amp;h=AT3x6ccDl9i2Y82oVa1giy8UcSn5wls8ZGZzBwTuKhD-jF8Mu8cQzaNCVtRmCuooA0qMKSyuB73tKesVK7mP_77xqiJOl9U7WkjYnrz1MLbDZGFYDm22OIQvn5d1V7s8hUmgcktPNelk2bNWmcKg2h5d0zLO0iYi5xyUwC-9sUcAxVWpvmDMGOeDVt_HbVSQno_1DCKQ-MpEy5ACiIYg5zxJlJiFnbEkkKxrRL7hDkCO6xs9l70NVn-yBJRWBoBhf9QCDaq2JRo7Ra9n9Zrl-IWSuYn-HSin638CI6UYb90i4xSUYKo4iZN0oX2KOFOn72QPfnp-EDB7P1VUTLNAup9iTTSa-Uvc76_Lq1c2StLgK9jm2550eJgOYDKK3Ajk2uG7qVYKhtjUn44ZP0lOygcS4sQ076ZUaZIDR1WSEJAvauH8ASiUdZNgsti-6YR43CMMq0La8b8XVKU9sb6Ty3_YcTtqHqLeUhYzCamdvbFtep_Xx83E6z0HwAPnrCSZBldY6EywTe7oA9idGgjjlD9QylTeZQIHY7FLs2AhP3weJvdrwKafA0rZJQfsEo7ymX_nGocd7xWUVGz7FNjDRllerWZxNSKMXd5MLJ3AfJNzhA6SGOtfE0vSTOTU_RyZ6AKeJRHLpGMH6B5u9hyhUTc"">http://www.satkingpromax.com.au/</a>    </p>
<p>Check your Local dealer -</p>
<p><a href=""http://www.satkingpromax.com.au/product/where-to-buy.htm?fbclid=IwAR2GHUMc7bqbLf8gXcZOl5jya3mZ08YN9Vly9Y0VdCLgCRbQKWxEzuDMZPQ"">http://www.satkingpromax.com.au/product/where-to-buy.htm</a>    </p>
<p>&nbsp;</p>",1731533,03-Apr-2019 12:00:00 AM,03-Apr-2019 11:53:24 AM,26-May-2019 08:48:43 PM,26-May-2019 08:48:43 PM,,N,satking-promax-caravan-satellite-dish,Satking-Promax-Caravan-Satellite-Dish,Satking ProMax Australia’s Most Advanced and Fully Automatic Motorised Satellite TV System. Flat Panel Design Offers Big Performance With Compact Size,/Satking-Promax-Product-Image.jpg,satking-promax-caravan-satellite-dish,/satking-orbit-caravan-satellite-dish/satking-promax-caravan-satellite-dish
768309,Satking Orbit Vs Satking Promax,"<p style=""font-family: Georgia; font-size: 14px;""><strong><span style=""font-size: 14px;"">Satking orbit vs Satking ProMax</span></strong>
</p>
<p class=""MsoNormal"" style=""text-align: justify; font-family: Georgia; font-size: 16px;""><span style=""font-size: 12px;"">Satking is the leading manufacturer of fully automated satellite dishes for caravans and motorhomes in the Australian market and running from 21 years. Satking is owned and run by a Australian, which has suppliers all over Australia. Everyone can get ease to enjoy the fully automatic Dishes to watch TV on the go. The entire system contains two most prominent and different products Satking orbit &amp; Satking ProMax. Let’s have a look at each of these to know which can be better to avail. </span>
</p>
<p class=""MsoNormal"" style=""text-align: justify; font-family: Georgia; font-size: 14px;""><span style=""font-size: 12px;""><br /></span>
    <o:p style=""font-size: 12px;""></o:p>
</p>
<h1 style=""font-size: 14px; font-family: Georgia;""><img src=""/Satking-Orbit-Vs-Satking-Promax.png?Action=thumbnail&amp;algorithm=fill_proportional&amp;width=359"" style=""margin: auto; display: block;"" width=""359""><br /></h1>
<h1 style=""font-size: 14px; font-family: Georgia;"">&nbsp;</h1>
<h1 style=""font-size: 14px; font-family: Georgia;""><span style=""font-size: 18px;"">Satking orbit</span><o:p style=""font-size: 18px;""></o:p></h1>
<p class=""MsoNormal"" style=""text-align: justify; font-size: 14px; font-family: Georgia;"">Satking Orbit is a perfect Caravan Satellite Dish which is meant to provide better services for the motorhome and caravan users in a cost effective way.&nbsp;
    This is a perfect Satellite dish for the caravan which comes with a dish reflector of 85cm and its metal gear system can ensure its reliability for
    years of operation.
    <o:p></o:p>
</p>
<h1 style=""font-size: 14px; font-family: Georgia;"">Key Features&nbsp; <o:p></o:p></h1>
<p class=""MsoNormal"" style=""text-align: justify; font-size: 14px; font-family: Georgia;""><strong>1.&nbsp;&nbsp;&nbsp; Wide coverage:</strong> it has an 85cm high gain dish which has the ability to provide wider coverage with ease for Foxtel
    and VAST&nbsp;
    <o:p></o:p>
</p>
<p class=""MsoNormal"" style=""text-align: justify; font-size: 14px; font-family: Georgia;""><strong>2.&nbsp;&nbsp;&nbsp; Fast to find the satellite service:</strong> A built-in GPS system will help to locate your position and Satking will locate
    the exact satellite accordingly and let you connect the system within 80 seconds.&nbsp;
    <o:p></o:p>
</p>
<p class=""MsoNormal"" style=""font-size: 14px; font-family: Georgia;""><strong>3.&nbsp;&nbsp;&nbsp; Perfectly designed to survive in the harsh Australian weather</strong>: A perfect dish option for the people of Australia
    to have. Its metal gears and the rugged system will make it easier for it to survive in harsh conditions.&nbsp;
    <o:p></o:p>
</p>
<p class=""MsoNormal"" style=""text-align: justify; font-size: 14px; font-family: Georgia;""><strong>4.&nbsp;&nbsp;&nbsp; Warranty and support:</strong> It comes with 2 years of warranty and full support from Satking which is a well-known Australian
    company.
    <o:p></o:p>
</p>
<p class=""MsoNormal"" style=""text-align: justify; font-size: 14px; font-family: Georgia;""><strong>5.&nbsp;&nbsp;&nbsp; Easy to use:</strong> The system is entirely automatic. To get started you just have to push the OK button.
    <o:p></o:p>
</p>
<p class=""MsoNormal"" style=""text-align: justify; font-size: 14px; font-family: Georgia;""><strong>6.&nbsp;</strong>&nbsp;&nbsp; <strong>Best Value for money</strong>: Satking Orbit is priced at $2,195 which is much cheaper than ProMax and other
    Fully Automatic Caravan satellite dishes. Even though it is cheaper in price but it works the same as the other dishes and has fully automatic features,
    Foxtel, HD and dual LNB.&nbsp;&nbsp; &nbsp;&nbsp;&nbsp;
    <o:p></o:p>
</p>
<h1 style=""font-size: 14px; font-family: Georgia;""><o:p>&nbsp; &nbsp; &nbsp; &nbsp; &nbsp; &nbsp; &nbsp; &nbsp; &nbsp; &nbsp; &nbsp; &nbsp; &nbsp; &nbsp; &nbsp; &nbsp; &nbsp; &nbsp; &nbsp; &nbsp; &nbsp; &nbsp; &nbsp; &nbsp; &nbsp; &nbsp; &nbsp; &nbsp; &nbsp; &nbsp;&nbsp;<img src=""/Satking-Promax-Vs-Satking-Orbit-Satellite-Dish.jpg?Action=thumbnail&amp;algorithm=fill_proportional&amp;width=363"" width=""363"">&nbsp;</o:p></h1>
<h1 style=""font-size: 18px; font-family: Georgia;"">Satking Promax</h1>
<p class=""MsoNormal"" style=""text-align: justify; font-size: 14px; font-family: Georgia;"">The Satking ProMax is a completely automatic motorized and most advanced dish TV system of Australia, which comes with a flat panel. This system suits
    perfectly for the VAST and Foxtel satellite TV. Its unit comes with dual LNB outputs which can serve the best to the twin tuner STBs with ease. It
    is a simple to use option which provides the best opportunity to enjoy the TV transmissions on the go.
    <o:p></o:p>
</p>
<h1 style=""font-size: 14px; font-family: Georgia;"">Key features of Satking ProMax</h1>
<p class=""MsoNormal"" style=""text-align: justify; font-size: 14px; font-family: Georgia;""><strong>1.&nbsp;&nbsp;&nbsp; Big performance</strong>: Flat panel of the dish system provides more coverage and has the ability to offer a compact size.
    This can be perfect to get the best performance with ease.&nbsp;&nbsp;
    <o:p></o:p>
</p>
<p class=""MsoNormal"" style=""text-align: justify; font-size: 14px; font-family: Georgia;""><strong>2.&nbsp;&nbsp;&nbsp; Reduced search time:</strong> It keeps your previous memories save which will help you to get started from where you left
    the process. This is an amazing feature which will save your search time with ease.&nbsp;
    <o:p></o:p>
</p>
<p class=""MsoNormal"" style=""text-align: justify; font-size: 14px; font-family: Georgia;""><strong>3.&nbsp;&nbsp;&nbsp; Warranty and support</strong>: It comes with 3 years warranty and 1300 number support line. A perfect dish TV which is meant
    to survive in the harsh Australian condition with ease.
    <o:p></o:p>
</p>
<p class=""MsoNormal"" style=""text-align: justify; font-size: 14px; font-family: Georgia;""><strong>4.&nbsp;&nbsp;&nbsp; Reliability: </strong>It comes with metal gears and a powerful DC motor which ensure its long life perfectly.
    <o:p></o:p>
</p>
<p class=""MsoNormal"" style=""text-align: justify; font-size: 14px; font-family: Georgia;""><strong>5.&nbsp;&nbsp;&nbsp; Easy to use:</strong> Small footprints of the system makes it entirely easy to install. You can install it by yourself with
    ease because it comes with roof mounting kit and Detailed Instructions. You will also get features like Foxtel, Dual LNB, HD compatible, Built-in GPS
    and Fully Motorized. &nbsp;
    <o:p></o:p>
</p>
<p class=""MsoNormal"" style=""text-align: justify; font-size: 14px; font-family: Georgia;""><strong>6.</strong>&nbsp; <strong>Advanced Technology</strong>: This is one of the most advanced caravan satellite systems, which you can find in Australia
    to get connected to the digital shows with ease. In fact, there are no other dishes available in Australia with similar technology.&nbsp;&nbsp;</p>
<h1 style=""font-size: 14px; font-family: Georgia;"">Verdict</h1>
    <h1 style=""font-size: 14px; font-family: Georgia;"">You can never complain about TV reception anymore. It is because Satking orbit &amp; Satking ProMax have arrived in the Australia market as the best caravan satellite system. Satking orbit &amp; Satking ProMax are meant to provide you the perfect reception of entire free to air, digital channels and Foxtel in the best possible way.</h1>
    <p class=""MsoNormal"" style=""text-align: justify; font-family: Georgia; font-size: 14px;""><span style=""font-size: 12px;"">For more visit -</span> </p>
    <p style=""font-family: Georgia;""><a href=""https://www.satkingorbit.com.au/"">https://www.satkingorbit.com.au/</a> </p><span style=""font-family: Georgia;"">&nbsp;</span>
    <o:p style=""font-family: Georgia;""></o:p>
    <p>&nbsp;</p>
    <p>
        <!--EndFragment-->
    </p>
    <p class=""MsoNormal"" style=""text-align:justify"">
        <o:p>&nbsp;</o:p>
    </p>
    <p class=""MsoNormal"" style=""text-align:justify"">&nbsp;</p>",952692,26-May-2019 12:00:00 AM,26-May-2019 11:23:48 AM,16-Jun-2019 10:36:24 AM,16-Jun-2019 10:36:24 AM,,N,satking-orbit-vs-satking-promax,Satking Orbit Vs Satking Promax | Caravan Satellite Dish,Difference between Satking Obit and Satking Promax by explaining key features and technology in detail. Satking is considered as best caravan satellite dish manufacuter in Australia from 21 years.,/Satking Orbit vs Satking Promax.jpg,satking-orbit-vs-satking-promax,/satking-orbit-caravan-satellite-dish/satking-orbit-vs-satking-promax
768865,What Is Caravan Satellite Dish?,"<p>&nbsp;</p>
<p class=""MsoTitle"">Caravan Satellite Dish</p>
<p class=""MsoTitle"">&nbsp; &nbsp; &nbsp; &nbsp; &nbsp; &nbsp; &nbsp; &nbsp; &nbsp; &nbsp; &nbsp; &nbsp; &nbsp; &nbsp; &nbsp;&nbsp;</p>




<!--[if gte mso 9]><xml>
 <o:DocumentProperties>
  <o:Revision>0</o:Revision>
  <o:TotalTime>0</o:TotalTime>
  <o:Pages>1</o:Pages>
  <o:Words>71</o:Words>
  <o:Characters>408</o:Characters>
  <o:Lines>3</o:Lines>
  <o:Paragraphs>1</o:Paragraphs>
  <o:CharactersWithSpaces>478</o:CharactersWithSpaces>
  <o:Version>14.0</o:Version>
 </o:DocumentProperties>
</xml><![endif]-->

<!--[if gte mso 9]><xml>
 <w:WordDocument>
  <w:View>Normal</w:View>
  <w:Zoom>0</w:Zoom>
  <w:TrackMoves></w:TrackMoves>
  <w:TrackFormatting></w:TrackFormatting>
  <w:PunctuationKerning></w:PunctuationKerning>
  <w:ValidateAgainstSchemas></w:ValidateAgainstSchemas>
  <w:SaveIfXMLInvalid>false</w:SaveIfXMLInvalid>
  <w:IgnoreMixedContent>false</w:IgnoreMixedContent>
  <w:AlwaysShowPlaceholderText>false</w:AlwaysShowPlaceholderText>
  <w:DoNotPromoteQF></w:DoNotPromoteQF>
  <w:LidThemeOther>EN-US</w:LidThemeOther>
  <w:LidThemeAsian>ZH-CN</w:LidThemeAsian>
  <w:LidThemeComplexScript>X-NONE</w:LidThemeComplexScript>
  <w:Compatibility>
   <w:BreakWrappedTables></w:BreakWrappedTables>
   <w:SnapToGridInCell></w:SnapToGridInCell>
   <w:WrapTextWithPunct></w:WrapTextWithPunct>
   <w:UseAsianBreakRules></w:UseAsianBreakRules>
   <w:DontGrowAutofit></w:DontGrowAutofit>
   <w:SplitPgBreakAndParaMark></w:SplitPgBreakAndParaMark>
   <w:EnableOpenTypeKerning></w:EnableOpenTypeKerning>
   <w:DontFlipMirrorIndents></w:DontFlipMirrorIndents>
   <w:OverrideTableStyleHps></w:OverrideTableStyleHps>
   <w:UseFELayout></w:UseFELayout>
  </w:Compatibility>
  <m:mathPr>
   <m:mathFont m:val=""Cambria Math""></m:mathFont>
   <m:brkBin m:val=""before""></m:brkBin>
   <m:brkBinSub m:val=""&#45;-""></m:brkBinSub>
   <m:smallFrac m:val=""off""></m:smallFrac>
   <m:dispDef></m:dispDef>
   <m:lMargin m:val=""0""></m:lMargin>
   <m:rMargin m:val=""0""></m:rMargin>
   <m:defJc m:val=""centerGroup""></m:defJc>
   <m:wrapIndent m:val=""1440""></m:wrapIndent>
   <m:intLim m:val=""subSup""></m:intLim>
   <m:naryLim m:val=""undOvr""></m:naryLim>
  </m:mathPr></w:WordDocument>
</xml><![endif]-->
<!--[if gte mso 9]><xml>
 <w:LatentStyles DefLockedState=""false"" DefUnhideWhenUsed=""true""
  DefSemiHidden=""true"" DefQFormat=""false"" DefPriority=""99""
  LatentStyleCount=""276"">
  <w:LsdException Locked=""false"" Priority=""0"" SemiHidden=""false""
   UnhideWhenUsed=""false"" QFormat=""true"" Name=""Normal""></w:LsdException>
  <w:LsdException Locked=""false"" Priority=""9"" SemiHidden=""false""
   UnhideWhenUsed=""false"" QFormat=""true"" Name=""heading 1""></w:LsdException>
  <w:LsdException Locked=""false"" Priority=""9"" QFormat=""true"" Name=""heading 2""></w:LsdException>
  <w:LsdException Locked=""false"" Priority=""9"" QFormat=""true"" Name=""heading 3""></w:LsdException>
  <w:LsdException Locked=""false"" Priority=""9"" QFormat=""true"" Name=""heading 4""></w:LsdException>
  <w:LsdException Locked=""false"" Priority=""9"" QFormat=""true"" Name=""heading 5""></w:LsdException>
  <w:LsdException Locked=""false"" Priority=""9"" QFormat=""true"" Name=""heading 6""></w:LsdException>
  <w:LsdException Locked=""false"" Priority=""9"" QFormat=""true"" Name=""heading 7""></w:LsdException>
  <w:LsdException Locked=""false"" Priority=""9"" QFormat=""true"" Name=""heading 8""></w:LsdException>
  <w:LsdException Locked=""false"" Priority=""9"" QFormat=""true"" Name=""heading 9""></w:LsdException>
  <w:LsdException Locked=""false"" Priority=""39"" Name=""toc 1""></w:LsdException>
  <w:LsdException Locked=""false"" Priority=""39"" Name=""toc 2""></w:LsdException>
  <w:LsdException Locked=""false"" Priority=""39"" Name=""toc 3""></w:LsdException>
  <w:LsdException Locked=""false"" Priority=""39"" Name=""toc 4""></w:LsdException>
  <w:LsdException Locked=""false"" Priority=""39"" Name=""toc 5""></w:LsdException>
  <w:LsdException Locked=""false"" Priority=""39"" Name=""toc 6""></w:LsdException>
  <w:LsdException Locked=""false"" Priority=""39"" Name=""toc 7""></w:LsdException>
  <w:LsdException Locked=""false"" Priority=""39"" Name=""toc 8""></w:LsdException>
  <w:LsdException Locked=""false"" Priority=""39"" Name=""toc 9""></w:LsdException>
  <w:LsdException Locked=""false"" Priority=""35"" QFormat=""true"" Name=""caption""></w:LsdException>
  <w:LsdException Locked=""false"" Priority=""10"" SemiHidden=""false""
   UnhideWhenUsed=""false"" QFormat=""true"" Name=""Title""></w:LsdException>
  <w:LsdException Locked=""false"" Priority=""1"" Name=""Default Paragraph Font""></w:LsdException>
  <w:LsdException Locked=""false"" Priority=""11"" SemiHidden=""false""
   UnhideWhenUsed=""false"" QFormat=""true"" Name=""Subtitle""></w:LsdException>
  <w:LsdException Locked=""false"" Priority=""22"" SemiHidden=""false""
   UnhideWhenUsed=""false"" QFormat=""true"" Name=""Strong""></w:LsdException>
  <w:LsdException Locked=""false"" Priority=""20"" SemiHidden=""false""
   UnhideWhenUsed=""false"" QFormat=""true"" Name=""Emphasis""></w:LsdException>
  <w:LsdException Locked=""false"" Priority=""59"" SemiHidden=""false""
   UnhideWhenUsed=""false"" Name=""Table Grid""></w:LsdException>
  <w:LsdException Locked=""false"" UnhideWhenUsed=""false"" Name=""Placeholder Text""></w:LsdException>
  <w:LsdException Locked=""false"" Priority=""1"" SemiHidden=""false""
   UnhideWhenUsed=""false"" QFormat=""true"" Name=""No Spacing""></w:LsdException>
  <w:LsdException Locked=""false"" Priority=""60"" SemiHidden=""false""
   UnhideWhenUsed=""false"" Name=""Light Shading""></w:LsdException>
  <w:LsdException Locked=""false"" Priority=""61"" SemiHidden=""false""
   UnhideWhenUsed=""false"" Name=""Light List""></w:LsdException>
  <w:LsdException Locked=""false"" Priority=""62"" SemiHidden=""false""
   UnhideWhenUsed=""false"" Name=""Light Grid""></w:LsdException>
  <w:LsdException Locked=""false"" Priority=""63"" SemiHidden=""false""
   UnhideWhenUsed=""false"" Name=""Medium Shading 1""></w:LsdException>
  <w:LsdException Locked=""false"" Priority=""64"" SemiHidden=""false""
   UnhideWhenUsed=""false"" Name=""Medium Shading 2""></w:LsdException>
  <w:LsdException Locked=""false"" Priority=""65"" SemiHidden=""false""
   UnhideWhenUsed=""false"" Name=""Medium List 1""></w:LsdException>
  <w:LsdException Locked=""false"" Priority=""66"" SemiHidden=""false""
   UnhideWhenUsed=""false"" Name=""Medium List 2""></w:LsdException>
  <w:LsdException Locked=""false"" Priority=""67"" SemiHidden=""false""
   UnhideWhenUsed=""false"" Name=""Medium Grid 1""></w:LsdException>
  <w:LsdException Locked=""false"" Priority=""68"" SemiHidden=""false""
   UnhideWhenUsed=""false"" Name=""Medium Grid 2""></w:LsdException>
  <w:LsdException Locked=""false"" Priority=""69"" SemiHidden=""false""
   UnhideWhenUsed=""false"" Name=""Medium Grid 3""></w:LsdException>
  <w:LsdException Locked=""false"" Priority=""70"" SemiHidden=""false""
   UnhideWhenUsed=""false"" Name=""Dark List""></w:LsdException>
  <w:LsdException Locked=""false"" Priority=""71"" SemiHidden=""false""
   UnhideWhenUsed=""false"" Name=""Colorful Shading""></w:LsdException>
  <w:LsdException Locked=""false"" Priority=""72"" SemiHidden=""false""
   UnhideWhenUsed=""false"" Name=""Colorful List""></w:LsdException>
  <w:LsdException Locked=""false"" Priority=""73"" SemiHidden=""false""
   UnhideWhenUsed=""false"" Name=""Colorful Grid""></w:LsdException>
  <w:LsdException Locked=""false"" Priority=""60"" SemiHidden=""false""
   UnhideWhenUsed=""false"" Name=""Light Shading Accent 1""></w:LsdException>
  <w:LsdException Locked=""false"" Priority=""61"" SemiHidden=""false""
   UnhideWhenUsed=""false"" Name=""Light List Accent 1""></w:LsdException>
  <w:LsdException Locked=""false"" Priority=""62"" SemiHidden=""false""
   UnhideWhenUsed=""false"" Name=""Light Grid Accent 1""></w:LsdException>
  <w:LsdException Locked=""false"" Priority=""63"" SemiHidden=""false""
   UnhideWhenUsed=""false"" Name=""Medium Shading 1 Accent 1""></w:LsdException>
  <w:LsdException Locked=""false"" Priority=""64"" SemiHidden=""false""
   UnhideWhenUsed=""false"" Name=""Medium Shading 2 Accent 1""></w:LsdException>
  <w:LsdException Locked=""false"" Priority=""65"" SemiHidden=""false""
   UnhideWhenUsed=""false"" Name=""Medium List 1 Accent 1""></w:LsdException>
  <w:LsdException Locked=""false"" UnhideWhenUsed=""false"" Name=""Revision""></w:LsdException>
  <w:LsdException Locked=""false"" Priority=""34"" SemiHidden=""false""
   UnhideWhenUsed=""false"" QFormat=""true"" Name=""List Paragraph""></w:LsdException>
  <w:LsdException Locked=""false"" Priority=""29"" SemiHidden=""false""
   UnhideWhenUsed=""false"" QFormat=""true"" Name=""Quote""></w:LsdException>
  <w:LsdException Locked=""false"" Priority=""30"" SemiHidden=""false""
   UnhideWhenUsed=""false"" QFormat=""true"" Name=""Intense Quote""></w:LsdException>
  <w:LsdException Locked=""false"" Priority=""66"" SemiHidden=""false""
   UnhideWhenUsed=""false"" Name=""Medium List 2 Accent 1""></w:LsdException>
  <w:LsdException Locked=""false"" Priority=""67"" SemiHidden=""false""
   UnhideWhenUsed=""false"" Name=""Medium Grid 1 Accent 1""></w:LsdException>
  <w:LsdException Locked=""false"" Priority=""68"" SemiHidden=""false""
   UnhideWhenUsed=""false"" Name=""Medium Grid 2 Accent 1""></w:LsdException>
  <w:LsdException Locked=""false"" Priority=""69"" SemiHidden=""false""
   UnhideWhenUsed=""false"" Name=""Medium Grid 3 Accent 1""></w:LsdException>
  <w:LsdException Locked=""false"" Priority=""70"" SemiHidden=""false""
   UnhideWhenUsed=""false"" Name=""Dark List Accent 1""></w:LsdException>
  <w:LsdException Locked=""false"" Priority=""71"" SemiHidden=""false""
   UnhideWhenUsed=""false"" Name=""Colorful Shading Accent 1""></w:LsdException>
  <w:LsdException Locked=""false"" Priority=""72"" SemiHidden=""false""
   UnhideWhenUsed=""false"" Name=""Colorful List Accent 1""></w:LsdException>
  <w:LsdException Locked=""false"" Priority=""73"" SemiHidden=""false""
   UnhideWhenUsed=""false"" Name=""Colorful Grid Accent 1""></w:LsdException>
  <w:LsdException Locked=""false"" Priority=""60"" SemiHidden=""false""
   UnhideWhenUsed=""false"" Name=""Light Shading Accent 2""></w:LsdException>
  <w:LsdException Locked=""false"" Priority=""61"" SemiHidden=""false""
   UnhideWhenUsed=""false"" Name=""Light List Accent 2""></w:LsdException>
  <w:LsdException Locked=""false"" Priority=""62"" SemiHidden=""false""
   UnhideWhenUsed=""false"" Name=""Light Grid Accent 2""></w:LsdException>
  <w:LsdException Locked=""false"" Priority=""63"" SemiHidden=""false""
   UnhideWhenUsed=""false"" Name=""Medium Shading 1 Accent 2""></w:LsdException>
  <w:LsdException Locked=""false"" Priority=""64"" SemiHidden=""false""
   UnhideWhenUsed=""false"" Name=""Medium Shading 2 Accent 2""></w:LsdException>
  <w:LsdException Locked=""false"" Priority=""65"" SemiHidden=""false""
   UnhideWhenUsed=""false"" Name=""Medium List 1 Accent 2""></w:LsdException>
  <w:LsdException Locked=""false"" Priority=""66"" SemiHidden=""false""
   UnhideWhenUsed=""false"" Name=""Medium List 2 Accent 2""></w:LsdException>
  <w:LsdException Locked=""false"" Priority=""67"" SemiHidden=""false""
   UnhideWhenUsed=""false"" Name=""Medium Grid 1 Accent 2""></w:LsdException>
  <w:LsdException Locked=""false"" Priority=""68"" SemiHidden=""false""
   UnhideWhenUsed=""false"" Name=""Medium Grid 2 Accent 2""></w:LsdException>
  <w:LsdException Locked=""false"" Priority=""69"" SemiHidden=""false""
   UnhideWhenUsed=""false"" Name=""Medium Grid 3 Accent 2""></w:LsdException>
  <w:LsdException Locked=""false"" Priority=""70"" SemiHidden=""false""
   UnhideWhenUsed=""false"" Name=""Dark List Accent 2""></w:LsdException>
  <w:LsdException Locked=""false"" Priority=""71"" SemiHidden=""false""
   UnhideWhenUsed=""false"" Name=""Colorful Shading Accent 2""></w:LsdException>
  <w:LsdException Locked=""false"" Priority=""72"" SemiHidden=""false""
   UnhideWhenUsed=""false"" Name=""Colorful List Accent 2""></w:LsdException>
  <w:LsdException Locked=""false"" Priority=""73"" SemiHidden=""false""
   UnhideWhenUsed=""false"" Name=""Colorful Grid Accent 2""></w:LsdException>
  <w:LsdException Locked=""false"" Priority=""60"" SemiHidden=""false""
   UnhideWhenUsed=""false"" Name=""Light Shading Accent 3""></w:LsdException>
  <w:LsdException Locked=""false"" Priority=""61"" SemiHidden=""false""
   UnhideWhenUsed=""false"" Name=""Light List Accent 3""></w:LsdException>
  <w:LsdException Locked=""false"" Priority=""62"" SemiHidden=""false""
   UnhideWhenUsed=""false"" Name=""Light Grid Accent 3""></w:LsdException>
  <w:LsdException Locked=""false"" Priority=""63"" SemiHidden=""false""
   UnhideWhenUsed=""false"" Name=""Medium Shading 1 Accent 3""></w:LsdException>
  <w:LsdException Locked=""false"" Priority=""64"" SemiHidden=""false""
   UnhideWhenUsed=""false"" Name=""Medium Shading 2 Accent 3""></w:LsdException>
  <w:LsdException Locked=""false"" Priority=""65"" SemiHidden=""false""
   UnhideWhenUsed=""false"" Name=""Medium List 1 Accent 3""></w:LsdException>
  <w:LsdException Locked=""false"" Priority=""66"" SemiHidden=""false""
   UnhideWhenUsed=""false"" Name=""Medium List 2 Accent 3""></w:LsdException>
  <w:LsdException Locked=""false"" Priority=""67"" SemiHidden=""false""
   UnhideWhenUsed=""false"" Name=""Medium Grid 1 Accent 3""></w:LsdException>
  <w:LsdException Locked=""false"" Priority=""68"" SemiHidden=""false""
   UnhideWhenUsed=""false"" Name=""Medium Grid 2 Accent 3""></w:LsdException>
  <w:LsdException Locked=""false"" Priority=""69"" SemiHidden=""false""
   UnhideWhenUsed=""false"" Name=""Medium Grid 3 Accent 3""></w:LsdException>
  <w:LsdException Locked=""false"" Priority=""70"" SemiHidden=""false""
   UnhideWhenUsed=""false"" Name=""Dark List Accent 3""></w:LsdException>
  <w:LsdException Locked=""false"" Priority=""71"" SemiHidden=""false""
   UnhideWhenUsed=""false"" Name=""Colorful Shading Accent 3""></w:LsdException>
  <w:LsdException Locked=""false"" Priority=""72"" SemiHidden=""false""
   UnhideWhenUsed=""false"" Name=""Colorful List Accent 3""></w:LsdException>
  <w:LsdException Locked=""false"" Priority=""73"" SemiHidden=""false""
   UnhideWhenUsed=""false"" Name=""Colorful Grid Accent 3""></w:LsdException>
  <w:LsdException Locked=""false"" Priority=""60"" SemiHidden=""false""
   UnhideWhenUsed=""false"" Name=""Light Shading Accent 4""></w:LsdException>
  <w:LsdException Locked=""false"" Priority=""61"" SemiHidden=""false""
   UnhideWhenUsed=""false"" Name=""Light List Accent 4""></w:LsdException>
  <w:LsdException Locked=""false"" Priority=""62"" SemiHidden=""false""
   UnhideWhenUsed=""false"" Name=""Light Grid Accent 4""></w:LsdException>
  <w:LsdException Locked=""false"" Priority=""63"" SemiHidden=""false""
   UnhideWhenUsed=""false"" Name=""Medium Shading 1 Accent 4""></w:LsdException>
  <w:LsdException Locked=""false"" Priority=""64"" SemiHidden=""false""
   UnhideWhenUsed=""false"" Name=""Medium Shading 2 Accent 4""></w:LsdException>
  <w:LsdException Locked=""false"" Priority=""65"" SemiHidden=""false""
   UnhideWhenUsed=""false"" Name=""Medium List 1 Accent 4""></w:LsdException>
  <w:LsdException Locked=""false"" Priority=""66"" SemiHidden=""false""
   UnhideWhenUsed=""false"" Name=""Medium List 2 Accent 4""></w:LsdException>
  <w:LsdException Locked=""false"" Priority=""67"" SemiHidden=""false""
   UnhideWhenUsed=""false"" Name=""Medium Grid 1 Accent 4""></w:LsdException>
  <w:LsdException Locked=""false"" Priority=""68"" SemiHidden=""false""
   UnhideWhenUsed=""false"" Name=""Medium Grid 2 Accent 4""></w:LsdException>
  <w:LsdException Locked=""false"" Priority=""69"" SemiHidden=""false""
   UnhideWhenUsed=""false"" Name=""Medium Grid 3 Accent 4""></w:LsdException>
  <w:LsdException Locked=""false"" Priority=""70"" SemiHidden=""false""
   UnhideWhenUsed=""false"" Name=""Dark List Accent 4""></w:LsdException>
  <w:LsdException Locked=""false"" Priority=""71"" SemiHidden=""false""
   UnhideWhenUsed=""false"" Name=""Colorful Shading Accent 4""></w:LsdException>
  <w:LsdException Locked=""false"" Priority=""72"" SemiHidden=""false""
   UnhideWhenUsed=""false"" Name=""Colorful List Accent 4""></w:LsdException>
  <w:LsdException Locked=""false"" Priority=""73"" SemiHidden=""false""
   UnhideWhenUsed=""false"" Name=""Colorful Grid Accent 4""></w:LsdException>
  <w:LsdException Locked=""false"" Priority=""60"" SemiHidden=""false""
   UnhideWhenUsed=""false"" Name=""Light Shading Accent 5""></w:LsdException>
  <w:LsdException Locked=""false"" Priority=""61"" SemiHidden=""false""
   UnhideWhenUsed=""false"" Name=""Light List Accent 5""></w:LsdException>
  <w:LsdException Locked=""false"" Priority=""62"" SemiHidden=""false""
   UnhideWhenUsed=""false"" Name=""Light Grid Accent 5""></w:LsdException>
  <w:LsdException Locked=""false"" Priority=""63"" SemiHidden=""false""
   UnhideWhenUsed=""false"" Name=""Medium Shading 1 Accent 5""></w:LsdException>
  <w:LsdException Locked=""false"" Priority=""64"" SemiHidden=""false""
   UnhideWhenUsed=""false"" Name=""Medium Shading 2 Accent 5""></w:LsdException>
  <w:LsdException Locked=""false"" Priority=""65"" SemiHidden=""false""
   UnhideWhenUsed=""false"" Name=""Medium List 1 Accent 5""></w:LsdException>
  <w:LsdException Locked=""false"" Priority=""66"" SemiHidden=""false""
   UnhideWhenUsed=""false"" Name=""Medium List 2 Accent 5""></w:LsdException>
  <w:LsdException Locked=""false"" Priority=""67"" SemiHidden=""false""
   UnhideWhenUsed=""false"" Name=""Medium Grid 1 Accent 5""></w:LsdException>
  <w:LsdException Locked=""false"" Priority=""68"" SemiHidden=""false""
   UnhideWhenUsed=""false"" Name=""Medium Grid 2 Accent 5""></w:LsdException>
  <w:LsdException Locked=""false"" Priority=""69"" SemiHidden=""false""
   UnhideWhenUsed=""false"" Name=""Medium Grid 3 Accent 5""></w:LsdException>
  <w:LsdException Locked=""false"" Priority=""70"" SemiHidden=""false""
   UnhideWhenUsed=""false"" Name=""Dark List Accent 5""></w:LsdException>
  <w:LsdException Locked=""false"" Priority=""71"" SemiHidden=""false""
   UnhideWhenUsed=""false"" Name=""Colorful Shading Accent 5""></w:LsdException>
  <w:LsdException Locked=""false"" Priority=""72"" SemiHidden=""false""
   UnhideWhenUsed=""false"" Name=""Colorful List Accent 5""></w:LsdException>
  <w:LsdException Locked=""false"" Priority=""73"" SemiHidden=""false""
   UnhideWhenUsed=""false"" Name=""Colorful Grid Accent 5""></w:LsdException>
  <w:LsdException Locked=""false"" Priority=""60"" SemiHidden=""false""
   UnhideWhenUsed=""false"" Name=""Light Shading Accent 6""></w:LsdException>
  <w:LsdException Locked=""false"" Priority=""61"" SemiHidden=""false""
   UnhideWhenUsed=""false"" Name=""Light List Accent 6""></w:LsdException>
  <w:LsdException Locked=""false"" Priority=""62"" SemiHidden=""false""
   UnhideWhenUsed=""false"" Name=""Light Grid Accent 6""></w:LsdException>
  <w:LsdException Locked=""false"" Priority=""63"" SemiHidden=""false""
   UnhideWhenUsed=""false"" Name=""Medium Shading 1 Accent 6""></w:LsdException>
  <w:LsdException Locked=""false"" Priority=""64"" SemiHidden=""false""
   UnhideWhenUsed=""false"" Name=""Medium Shading 2 Accent 6""></w:LsdException>
  <w:LsdException Locked=""false"" Priority=""65"" SemiHidden=""false""
   UnhideWhenUsed=""false"" Name=""Medium List 1 Accent 6""></w:LsdException>
  <w:LsdException Locked=""false"" Priority=""66"" SemiHidden=""false""
   UnhideWhenUsed=""false"" Name=""Medium List 2 Accent 6""></w:LsdException>
  <w:LsdException Locked=""false"" Priority=""67"" SemiHidden=""false""
   UnhideWhenUsed=""false"" Name=""Medium Grid 1 Accent 6""></w:LsdException>
  <w:LsdException Locked=""false"" Priority=""68"" SemiHidden=""false""
   UnhideWhenUsed=""false"" Name=""Medium Grid 2 Accent 6""></w:LsdException>
  <w:LsdException Locked=""false"" Priority=""69"" SemiHidden=""false""
   UnhideWhenUsed=""false"" Name=""Medium Grid 3 Accent 6""></w:LsdException>
  <w:LsdException Locked=""false"" Priority=""70"" SemiHidden=""false""
   UnhideWhenUsed=""false"" Name=""Dark List Accent 6""></w:LsdException>
  <w:LsdException Locked=""false"" Priority=""71"" SemiHidden=""false""
   UnhideWhenUsed=""false"" Name=""Colorful Shading Accent 6""></w:LsdException>
  <w:LsdException Locked=""false"" Priority=""72"" SemiHidden=""false""
   UnhideWhenUsed=""false"" Name=""Colorful List Accent 6""></w:LsdException>
  <w:LsdException Locked=""false"" Priority=""73"" SemiHidden=""false""
   UnhideWhenUsed=""false"" Name=""Colorful Grid Accent 6""></w:LsdException>
  <w:LsdException Locked=""false"" Priority=""19"" SemiHidden=""false""
   UnhideWhenUsed=""false"" QFormat=""true"" Name=""Subtle Emphasis""></w:LsdException>
  <w:LsdException Locked=""false"" Priority=""21"" SemiHidden=""false""
   UnhideWhenUsed=""false"" QFormat=""true"" Name=""Intense Emphasis""></w:LsdException>
  <w:LsdException Locked=""false"" Priority=""31"" SemiHidden=""false""
   UnhideWhenUsed=""false"" QFormat=""true"" Name=""Subtle Reference""></w:LsdException>
  <w:LsdException Locked=""false"" Priority=""32"" SemiHidden=""false""
   UnhideWhenUsed=""false"" QFormat=""true"" Name=""Intense Reference""></w:LsdException>
  <w:LsdException Locked=""false"" Priority=""33"" SemiHidden=""false""
   UnhideWhenUsed=""false"" QFormat=""true"" Name=""Book Title""></w:LsdException>
  <w:LsdException Locked=""false"" Priority=""37"" Name=""Bibliography""></w:LsdException>
  <w:LsdException Locked=""false"" Priority=""39"" QFormat=""true"" Name=""TOC Heading""></w:LsdException>
 </w:LatentStyles>
</xml><![endif]-->
<style>
    <!--
    /* Font Definitions */
    
    @font-face {
        font-family: Arial;
        panose-1: 2 11 6 4 2 2 2 2 2 4;
        mso-font-charset: 0;
        mso-generic-font-family: auto;
        mso-font-pitch: variable;
        mso-font-signature: -536859905 -1073711037 9 0 511 0;
    }
    @font-face {
        font-family: ""Cambria Math"";
        panose-1: 2 4 5 3 5 4 6 3 2 4;
        mso-font-charset: 0;
        mso-generic-font-family: auto;
        mso-font-pitch: variable;
        mso-font-signature: -536870145 1107305727 0 0 415 0;
    }
    @font-face {
        font-family: Calibri;
        panose-1: 2 15 5 2 2 2 4 3 2 4;
        mso-font-charset: 0;
        mso-generic-font-family: auto;
        mso-font-pitch: variable;
        mso-font-signature: -520092929 1073786111 9 0 415 0;
    }
    @font-face {
        font-family: SimSun;
        mso-font-charset: 134;
        mso-generic-font-family: auto;
        mso-font-pitch: auto;
        mso-font-signature: 3 680460288 6 0 262145 0;
    }
    /* Style Definitions */
    
    p.MsoNormal,
    li.MsoNormal,
    div.MsoNormal {
        mso-style-unhide: no;
        mso-style-qformat: yes;
        mso-style-parent: """";
        margin-top: 0cm;
        margin-right: 0cm;
        margin-bottom: 8.0pt;
        margin-left: 0cm;
        text-align: justify;
        text-justify: inter-ideograph;
        line-height: 107%;
        mso-pagination: widow-orphan;
        font-size: 12.0pt;
        mso-bidi-font-size: 11.0pt;
        font-family: Arial;
        mso-fareast-font-family: Calibri;
        mso-fareast-theme-font: minor-latin;
        mso-bidi-font-family: ""Times New Roman"";
        mso-bidi-theme-font: minor-bidi;
    }
    .MsoChpDefault {
        mso-style-type: export-only;
        mso-default-props: yes;
        font-size: 10.0pt;
        mso-ansi-font-size: 10.0pt;
        mso-bidi-font-size: 10.0pt;
        mso-fareast-font-family: SimSun;
    }
    @page WordSection1 {
        size: 612.0pt 792.0pt;
        margin: 72.0pt 90.0pt 72.0pt 90.0pt;
        mso-header-margin: 36.0pt;
        mso-footer-margin: 36.0pt;
        mso-paper-source: 0;
    }
    div.WordSection1 {
        page: WordSection1;
    }
    -->
</style>
<!--[if gte mso 10]>
<style>
 /* Style Definitions */
table.MsoNormalTable
	{mso-style-name:""Table Normal"";
	mso-tstyle-rowband-size:0;
	mso-tstyle-colband-size:0;
	mso-style-noshow:yes;
	mso-style-priority:99;
	mso-style-parent:"""";
	mso-padding-alt:0cm 5.4pt 0cm 5.4pt;
	mso-para-margin:0cm;
	mso-para-margin-bottom:.0001pt;
	mso-pagination:widow-orphan;
	font-size:10.0pt;
	font-family:""Times New Roman"";}
</style>
<![endif]-->



<!--StartFragment-->

<p class=""MsoNormal"" style=""font-family: &quot;Times New Roman&quot;;"">There are different types of satellites revolving around the earth and some of them will bounce the TV channels back on earth. Caravan Satellite Dish is
    a product that focuses on the radio waves that comes from a satellite on the low noise block. It is a down converter that will convert the radio waves
    from satellites into signals. These signals will be transferred through a cable into a receiver unit. It will decode the signals and you will see your
    favourite channel on Tv.&nbsp;</p>
<p class=""MsoNormal"">&nbsp; &nbsp;<img src=""/Caravan-Satellite-Dish-Satking-Orbit.jpg?Action=thumbnail&amp;algorithm=fill_proportional&amp;width=380"" width=""380"">&nbsp; &nbsp;
    &nbsp; &nbsp; &nbsp; &nbsp; &nbsp; &nbsp; &nbsp; &nbsp; &nbsp; &nbsp; &nbsp; &nbsp; &nbsp; &nbsp; &nbsp; &nbsp; &nbsp;&nbsp;</p>
<h1 style=""font-size: 14px;""><span style=""font-family: &quot;Times New Roman&quot;;"">How Caravan Satellite Dish works </span><o:p style=""font-family: &quot;Times New Roman&quot;;""></o:p></h1><span style=""font-family: &quot;Times New Roman&quot;;"">&nbsp;</span>
<p class=""MsoNormal"" style=""font-size: 14px; font-family: &quot;Times New Roman&quot;;"">You have to connect your TV and decoder with dish. If you have an automatic dish you will only have to connect the devices and the rest will be managed
    automatically. However, you have to make sure that base of your dish is at a level. After that align your dish using an integral elevation indicator.
    Once the elevation angle of your dish is correct, you can adjust it according to your location with the help of elevation map.
    <o:p></o:p>
</p>
<p class=""MsoNormal"" style=""font-size: 14px; font-family: &quot;Times New Roman&quot;;"">The dish should be pointed in southern sky. Turn on TV and rotate the dish on horizontal axis and when it is at a correct angle you will see the channels
    you need.
    <o:p></o:p>
</p>
<h1 style=""font-size: 14px; font-family: &quot;Times New Roman&quot;;"">Amazing features of Caravan Satellite Dish<o:p></o:p></h1>
<p class=""MsoNormal"" style=""font-size: 14px; font-family: &quot;Times New Roman&quot;;"">
    <o:p>&nbsp;</o:p>
</p>
<p class=""MsoNormal"" style=""font-size: 14px; font-family: &quot;Times New Roman&quot;;"">If you want to know the most amazing features of the fully automated Caravan Satellite Dish then following best features are surely going to be the best
    for you to know in this regard.
    <o:p></o:p>
</p>
<p class=""MsoNormal"" style=""font-size: 14px; font-family: &quot;Times New Roman&quot;;""><b style=""mso-bidi-font-weight:normal"">Fully Automatic and Self Aligning</b>: It comes with a fully automatic self-aligning system which provides ease
    to its users to use the system in an effective way.
    <o:p></o:p>
</p>
<p class=""MsoNormal"" style=""font-size: 14px; font-family: &quot;Times New Roman&quot;;""><b style=""mso-bidi-font-weight:normal"">24CH GPS that helps Find Satellites Fast:</b> this built-in GPS system will help to locate the exact position and
    the required satellite will be found with ease. This makes it super-fast to connect with the satellite and to provide amazing services with ease.
    <o:p></o:p>
</p>
<p class=""MsoNormal"" style=""font-size: 14px; font-family: &quot;Times New Roman&quot;;""><b style=""mso-bidi-font-weight:normal"">Connects in 80 seconds:</b> It comes with a built-in GPS system which makes it super easy and fast to find the satellite
    according to the position and will let you connect with the system in 80 seconds.
    <o:p></o:p>
</p>
<p class=""MsoNormal"" style=""font-size: 14px; font-family: &quot;Times New Roman&quot;;""><b style=""mso-bidi-font-weight:normal"">85cm High Gain Facility:</b> Caravan has 85cm High Gain Dish for wider coverage VAST &amp; Foxtel Australia.
    <o:p></o:p>
</p>
<p class=""MsoNormal"" style=""font-size: 14px; font-family: &quot;Times New Roman&quot;;""><b style=""mso-bidi-font-weight:normal"">VAST &amp; Foxtel Compatible:</b> Caravan satellite dishes are compatible for VAST Satellite TV and Foxtel Satellite
    TV due to upgradation of its coverage area around Australia.
    <o:p></o:p>
</p>
<p class=""MsoNormal"" style=""font-size: 14px; font-family: &quot;Times New Roman&quot;;""><b style=""mso-bidi-font-weight:normal"">Easy to Use &amp; Install:</b> these are completely automatic systems which are perfectly easy to use and install.
    You just have to press Ok simply to get the process done with ease.
    <o:p></o:p>
</p>
<p class=""MsoNormal"" style=""font-size: 14px; font-family: &quot;Times New Roman&quot;;""><b style=""mso-bidi-font-weight:normal"">Wide Coverage in Australia:</b> these satellite dishes contain high gain dishes which are making it possible for
    them to cover Australia-Wide Coverage with ease.
    <o:p></o:p>
</p>
<p class=""MsoNormal"" style=""font-size: 14px; font-family: &quot;Times New Roman&quot;;""><b style=""mso-bidi-font-weight:normal"">Suits both Motorhomes and Caravans:</b> These satellite dishes are perfect Caravan satellite transmission which
    is meant to provide perfect services for caravans and motorhomes in the best possible way.
    <o:p></o:p>
</p>
<p class=""MsoNormal"" style=""font-size: 14px; font-family: &quot;Times New Roman&quot;;""><b style=""mso-bidi-font-weight:normal"">LNB Skew is Automatic:</b> these systems contain automatic LNB skews which will make it easier to use install and
    use for the users.
    <o:p></o:p>
</p>
<p class=""MsoNormal"" style=""font-size: 14px; font-family: &quot;Times New Roman&quot;;""><b style=""mso-bidi-font-weight:normal"">Powerful DC Motors comes with Metal Gearing:</b> These systems come with the powerful DC motor with metal gearing
    which makes them perfectly durable and reliable options to choose.
    <o:p></o:p>
</p>
<p class=""MsoNormal"" style=""font-size: 14px; font-family: &quot;Times New Roman&quot;;""><b style=""mso-bidi-font-weight:normal"">Weatherproof Construction:</b> these caravan satellite dishes are waterproof due to which they are water resistant
    and the rain or water can’t damage the system at all.&nbsp;
    <o:p></o:p>
</p>
<p class=""MsoNormal"" style=""font-size: 14px; font-family: &quot;Times New Roman&quot;;""><b style=""mso-bidi-font-weight:normal"">Made for Harsh Australian Conditions:</b> This is actually a perfect dish option for the people of Australia to
    have. It is because it is perfectly designed to survive in the harsh in the Australian weather in an effective way.
    <o:p></o:p>
</p>
<p class=""MsoNormal"" style=""font-size: 14px; font-family: &quot;Times New Roman&quot;;""><b style=""mso-bidi-font-weight:normal"">MPEG4 HD Compatible:</b> the unit is already compatible with the high definition MPEG4. So, when the network is
    going to be changed to MPEG4 HD, the orbit will stay unaffected.
    <o:p></o:p>
</p>
<p class=""MsoNormal"" style=""font-size: 14px; font-family: &quot;Times New Roman&quot;;""><b style=""mso-bidi-font-weight:normal"">1300 Number Help Line</b>: if you need any support services or want to get the answer of any of your query then
    access to technical assistance is provided through 1300 helpline.
    <o:p></o:p>
</p>
<p class=""MsoNormal"" style=""font-size: 14px; font-family: &quot;Times New Roman&quot;;""><b style=""mso-bidi-font-weight:normal"">Designed in Australia and Owned by Australian</b>: This perfect unit is designed and owned in Australia and this
    is truly a perfect unit for traveling off the trodden track.</p>
<p class=""MsoNormal"" style=""font-size: 14px; font-family: &quot;Times New Roman&quot;;"">&nbsp; &nbsp;<img src=""/Caravan-Satellite-Dish.jpg?Action=thumbnail&amp;algorithm=fill_proportional&amp;width=323"" width=""323"">
    <o:p>
        <br /> </o:p>
</p>
<h1 style=""font-size: 14px; font-family: &quot;Times New Roman&quot;;"">Satking Orbit: The perfect caravan satellite dish to avail in Australia <o:p></o:p></h1>
<p class=""MsoNormal"" style=""font-size: 14px; font-family: &quot;Times New Roman&quot;;"">If you want to enjoy all of the features of the caravan satellite dish, then putting your hands on the best product in this regard is highly important.
    <a href=""http://www.satkingorbit.com.au""><span style=""color:black;mso-style-textfill-fill-color:black;mso-style-textfill-fill-alpha: 100.0%""><span style=""color:black;mso-style-textfill-fill-color:black; mso-style-textfill-fill-alpha:100.0%"">Satking Orbit Caravan satellite dish</span></span></a>    is the best option which you can avail. It is available in the Australian market as one of the best Caravan satellite dishes which is meant to provide
    you the best and amazing reception of the complete digital channels of TV in a perfect way. It contains all of the amazing features of Caravan satellite
    dishes which is surely the best thing to know. This is a pre-programmed and fully automated system which is surely going to be perfect to value your
    money.
    <o:p></o:p>
</p>
<p style=""font-size: 14px; font-family: &quot;Times New Roman&quot;;"">
    <!--[if gte mso 9]><xml>  <o:DocumentProperties>   <o:Revision>0</o:Revision>   <o:TotalTime>0</o:TotalTime>   <o:Pages>1</o:Pages>   <o:Words>719</o:Words>   <o:Characters>4101</o:Characters>   <o:Lines>34</o:Lines>   <o:Paragraphs>9</o:Paragraphs>   <o:CharactersWithSpaces>4811</o:CharactersWithSpaces>   <o:Version>14.0</o:Version>  </o:DocumentProperties> </xml><![endif]-->
    <!--[if gte mso 9]><xml>  <w:WordDocument>   <w:View>Normal</w:View>   <w:Zoom>0</w:Zoom>   <w:TrackMoves/>   <w:TrackFormatting/>   <w:PunctuationKerning/>   <w:ValidateAgainstSchemas/>   <w:SaveIfXMLInvalid>false</w:SaveIfXMLInvalid>   <w:IgnoreMixedContent>false</w:IgnoreMixedContent>   <w:AlwaysShowPlaceholderText>false</w:AlwaysShowPlaceholderText>   <w:DoNotPromoteQF/>   <w:LidThemeOther>EN-US</w:LidThemeOther>   <w:LidThemeAsian>ZH-CN</w:LidThemeAsian>   <w:LidThemeComplexScript>X-NONE</w:LidThemeComplexScript>   <w:Compatibility>    <w:BreakWrappedTables/>    <w:SnapToGridInCell/>    <w:WrapTextWithPunct/>    <w:UseAsianBreakRules/>    <w:DontGrowAutofit/>    <w:SplitPgBreakAndParaMark/>    <w:EnableOpenTypeKerning/>    <w:DontFlipMirrorIndents/>    <w:OverrideTableStyleHps/>    <w:UseFELayout/>   </w:Compatibility>   <m:mathPr>    <m:mathFont m:val=""Cambria Math""/>    <m:brkBin m:val=""before""/>    <m:brkBinSub m:val=""-;-""/>    <m:smallFrac m:val=""off""/>    <m:dispDef/>    <m:lMargin m:val=""0""/>    <m:rMargin m:val=""0""/>    <m:defJc m:val=""centerGroup""/>    <m:wrapIndent m:val=""1440""/>    <m:intLim m:val=""subSup""/>    <m:naryLim m:val=""undOvr""/>   </m:mathPr></w:WordDocument> </xml><![endif]-->
    <!--[if gte mso 9]><xml>  <w:LatentStyles DefLockedState=""false"" DefUnhideWhenUsed=""true""   DefSemiHidden=""true"" DefQFormat=""false"" DefPriority=""99""   LatentStyleCount=""276"">   <w:LsdException Locked=""false"" Priority=""0"" SemiHidden=""false""    UnhideWhenUsed=""false"" QFormat=""true"" Name=""Normal""/>   <w:LsdException Locked=""false"" Priority=""9"" SemiHidden=""false""    UnhideWhenUsed=""false"" QFormat=""true"" Name=""heading 1""/>   <w:LsdException Locked=""false"" Priority=""9"" QFormat=""true"" Name=""heading 2""/>   <w:LsdException Locked=""false"" Priority=""9"" QFormat=""true"" Name=""heading 3""/>   <w:LsdException Locked=""false"" Priority=""9"" QFormat=""true"" Name=""heading 4""/>   <w:LsdException Locked=""false"" Priority=""9"" QFormat=""true"" Name=""heading 5""/>   <w:LsdException Locked=""false"" Priority=""9"" QFormat=""true"" Name=""heading 6""/>   <w:LsdException Locked=""false"" Priority=""9"" QFormat=""true"" Name=""heading 7""/>   <w:LsdException Locked=""false"" Priority=""9"" QFormat=""true"" Name=""heading 8""/>   <w:LsdException Locked=""false"" Priority=""9"" QFormat=""true"" Name=""heading 9""/>   <w:LsdException Locked=""false"" Priority=""39"" Name=""toc 1""/>   <w:LsdException Locked=""false"" Priority=""39"" Name=""toc 2""/>   <w:LsdException Locked=""false"" Priority=""39"" Name=""toc 3""/>   <w:LsdException Locked=""false"" Priority=""39"" Name=""toc 4""/>   <w:LsdException Locked=""false"" Priority=""39"" Name=""toc 5""/>   <w:LsdException Locked=""false"" Priority=""39"" Name=""toc 6""/>   <w:LsdException Locked=""false"" Priority=""39"" Name=""toc 7""/>   <w:LsdException Locked=""false"" Priority=""39"" Name=""toc 8""/>   <w:LsdException Locked=""false"" Priority=""39"" Name=""toc 9""/>   <w:LsdException Locked=""false"" Priority=""35"" QFormat=""true"" Name=""caption""/>   <w:LsdException Locked=""false"" Priority=""10"" SemiHidden=""false""    UnhideWhenUsed=""false"" QFormat=""true"" Name=""Title""/>   <w:LsdException Locked=""false"" Priority=""1"" Name=""Default Paragraph Font""/>   <w:LsdException Locked=""false"" Priority=""11"" SemiHidden=""false""    UnhideWhenUsed=""false"" QFormat=""true"" Name=""Subtitle""/>   <w:LsdException Locked=""false"" Priority=""22"" SemiHidden=""false""    UnhideWhenUsed=""false"" QFormat=""true"" Name=""Strong""/>   <w:LsdException Locked=""false"" Priority=""20"" SemiHidden=""false""    UnhideWhenUsed=""false"" QFormat=""true"" Name=""Emphasis""/>   <w:LsdException Locked=""false"" Priority=""59"" SemiHidden=""false""    UnhideWhenUsed=""false"" Name=""Table Grid""/>   <w:LsdException Locked=""false"" UnhideWhenUsed=""false"" Name=""Placeholder Text""/>   <w:LsdException Locked=""false"" Priority=""1"" SemiHidden=""false""    UnhideWhenUsed=""false"" QFormat=""true"" Name=""No Spacing""/>   <w:LsdException Locked=""false"" Priority=""60"" SemiHidden=""false""    UnhideWhenUsed=""false"" Name=""Light Shading""/>   <w:LsdException Locked=""false"" Priority=""61"" SemiHidden=""false""    UnhideWhenUsed=""false"" Name=""Light List""/>   <w:LsdException Locked=""false"" Priority=""62"" SemiHidden=""false""    UnhideWhenUsed=""false"" Name=""Light Grid""/>   <w:LsdException Locked=""false"" Priority=""63"" SemiHidden=""false""    UnhideWhenUsed=""false"" Name=""Medium Shading 1""/>   <w:LsdException Locked=""false"" Priority=""64"" SemiHidden=""false""    UnhideWhenUsed=""false"" Name=""Medium Shading 2""/>   <w:LsdException Locked=""false"" Priority=""65"" SemiHidden=""false""    UnhideWhenUsed=""false"" Name=""Medium List 1""/>   <w:LsdException Locked=""false"" Priority=""66"" SemiHidden=""false""    UnhideWhenUsed=""false"" Name=""Medium List 2""/>   <w:LsdException Locked=""false"" Priority=""67"" SemiHidden=""false""    UnhideWhenUsed=""false"" Name=""Medium Grid 1""/>   <w:LsdException Locked=""false"" Priority=""68"" SemiHidden=""false""    UnhideWhenUsed=""false"" Name=""Medium Grid 2""/>   <w:LsdException Locked=""false"" Priority=""69"" SemiHidden=""false""    UnhideWhenUsed=""false"" Name=""Medium Grid 3""/>   <w:LsdException Locked=""false"" Priority=""70"" SemiHidden=""false""    UnhideWhenUsed=""false"" Name=""Dark List""/>   <w:LsdException Locked=""false"" Priority=""71"" SemiHidden=""false""    UnhideWhenUsed=""false"" Name=""Colorful Shading""/>   <w:LsdException Locked=""false"" Priority=""72"" SemiHidden=""false""    UnhideWhenUsed=""false"" Name=""Colorful List""/>   <w:LsdException Locked=""false"" Priority=""73"" SemiHidden=""false""    UnhideWhenUsed=""false"" Name=""Colorful Grid""/>   <w:LsdException Locked=""false"" Priority=""60"" SemiHidden=""false""    UnhideWhenUsed=""false"" Name=""Light Shading Accent 1""/>   <w:LsdException Locked=""false"" Priority=""61"" SemiHidden=""false""    UnhideWhenUsed=""false"" Name=""Light List Accent 1""/>   <w:LsdException Locked=""false"" Priority=""62"" SemiHidden=""false""    UnhideWhenUsed=""false"" Name=""Light Grid Accent 1""/>   <w:LsdException Locked=""false"" Priority=""63"" SemiHidden=""false""    UnhideWhenUsed=""false"" Name=""Medium Shading 1 Accent 1""/>   <w:LsdException Locked=""false"" Priority=""64"" SemiHidden=""false""    UnhideWhenUsed=""false"" Name=""Medium Shading 2 Accent 1""/>   <w:LsdException Locked=""false"" Priority=""65"" SemiHidden=""false""    UnhideWhenUsed=""false"" Name=""Medium List 1 Accent 1""/>   <w:LsdException Locked=""false"" UnhideWhenUsed=""false"" Name=""Revision""/>   <w:LsdException Locked=""false"" Priority=""34"" SemiHidden=""false""    UnhideWhenUsed=""false"" QFormat=""true"" Name=""List Paragraph""/>   <w:LsdException Locked=""false"" Priority=""29"" SemiHidden=""false""    UnhideWhenUsed=""false"" QFormat=""true"" Name=""Quote""/>   <w:LsdException Locked=""false"" Priority=""30"" SemiHidden=""false""    UnhideWhenUsed=""false"" QFormat=""true"" Name=""Intense Quote""/>   <w:LsdException Locked=""false"" Priority=""66"" SemiHidden=""false""    UnhideWhenUsed=""false"" Name=""Medium List 2 Accent 1""/>   <w:LsdException Locked=""false"" Priority=""67"" SemiHidden=""false""    UnhideWhenUsed=""false"" Name=""Medium Grid 1 Accent 1""/>   <w:LsdException Locked=""false"" Priority=""68"" SemiHidden=""false""    UnhideWhenUsed=""false"" Name=""Medium Grid 2 Accent 1""/>   <w:LsdException Locked=""false"" Priority=""69"" SemiHidden=""false""    UnhideWhenUsed=""false"" Name=""Medium Grid 3 Accent 1""/>   <w:LsdException Locked=""false"" Priority=""70"" SemiHidden=""false""    UnhideWhenUsed=""false"" Name=""Dark List Accent 1""/>   <w:LsdException Locked=""false"" Priority=""71"" SemiHidden=""false""    UnhideWhenUsed=""false"" Name=""Colorful Shading Accent 1""/>   <w:LsdException Locked=""false"" Priority=""72"" SemiHidden=""false""    UnhideWhenUsed=""false"" Name=""Colorful List Accent 1""/>   <w:LsdException Locked=""false"" Priority=""73"" SemiHidden=""false""    UnhideWhenUsed=""false"" Name=""Colorful Grid Accent 1""/>   <w:LsdException Locked=""false"" Priority=""60"" SemiHidden=""false""    UnhideWhenUsed=""false"" Name=""Light Shading Accent 2""/>   <w:LsdException Locked=""false"" Priority=""61"" SemiHidden=""false""    UnhideWhenUsed=""false"" Name=""Light List Accent 2""/>   <w:LsdException Locked=""false"" Priority=""62"" SemiHidden=""false""    UnhideWhenUsed=""false"" Name=""Light Grid Accent 2""/>   <w:LsdException Locked=""false"" Priority=""63"" SemiHidden=""false""    UnhideWhenUsed=""false"" Name=""Medium Shading 1 Accent 2""/>   <w:LsdException Locked=""false"" Priority=""64"" SemiHidden=""false""    UnhideWhenUsed=""false"" Name=""Medium Shading 2 Accent 2""/>   <w:LsdException Locked=""false"" Priority=""65"" SemiHidden=""false""    UnhideWhenUsed=""false"" Name=""Medium List 1 Accent 2""/>   <w:LsdException Locked=""false"" Priority=""66"" SemiHidden=""false""    UnhideWhenUsed=""false"" Name=""Medium List 2 Accent 2""/>   <w:LsdException Locked=""false"" Priority=""67"" SemiHidden=""false""    UnhideWhenUsed=""false"" Name=""Medium Grid 1 Accent 2""/>   <w:LsdException Locked=""false"" Priority=""68"" SemiHidden=""false""    UnhideWhenUsed=""false"" Name=""Medium Grid 2 Accent 2""/>   <w:LsdException Locked=""false"" Priority=""69"" SemiHidden=""false""    UnhideWhenUsed=""false"" Name=""Medium Grid 3 Accent 2""/>   <w:LsdException Locked=""false"" Priority=""70"" SemiHidden=""false""    UnhideWhenUsed=""false"" Name=""Dark List Accent 2""/>   <w:LsdException Locked=""false"" Priority=""71"" SemiHidden=""false""    UnhideWhenUsed=""false"" Name=""Colorful Shading Accent 2""/>   <w:LsdException Locked=""false"" Priority=""72"" SemiHidden=""false""    UnhideWhenUsed=""false"" Name=""Colorful List Accent 2""/>   <w:LsdException Locked=""false"" Priority=""73"" SemiHidden=""false""    UnhideWhenUsed=""false"" Name=""Colorful Grid Accent 2""/>   <w:LsdException Locked=""false"" Priority=""60"" SemiHidden=""false""    UnhideWhenUsed=""false"" Name=""Light Shading Accent 3""/>   <w:LsdException Locked=""false"" Priority=""61"" SemiHidden=""false""    UnhideWhenUsed=""false"" Name=""Light List Accent 3""/>   <w:LsdException Locked=""false"" Priority=""62"" SemiHidden=""false""    UnhideWhenUsed=""false"" Name=""Light Grid Accent 3""/>   <w:LsdException Locked=""false"" Priority=""63"" SemiHidden=""false""    UnhideWhenUsed=""false"" Name=""Medium Shading 1 Accent 3""/>   <w:LsdException Locked=""false"" Priority=""64"" SemiHidden=""false""    UnhideWhenUsed=""false"" Name=""Medium Shading 2 Accent 3""/>   <w:LsdException Locked=""false"" Priority=""65"" SemiHidden=""false""    UnhideWhenUsed=""false"" Name=""Medium List 1 Accent 3""/>   <w:LsdException Locked=""false"" Priority=""66"" SemiHidden=""false""    UnhideWhenUsed=""false"" Name=""Medium List 2 Accent 3""/>   <w:LsdException Locked=""false"" Priority=""67"" SemiHidden=""false""    UnhideWhenUsed=""false"" Name=""Medium Grid 1 Accent 3""/>   <w:LsdException Locked=""false"" Priority=""68"" SemiHidden=""false""    UnhideWhenUsed=""false"" Name=""Medium Grid 2 Accent 3""/>   <w:LsdException Locked=""false"" Priority=""69"" SemiHidden=""false""    UnhideWhenUsed=""false"" Name=""Medium Grid 3 Accent 3""/>   <w:LsdException Locked=""false"" Priority=""70"" SemiHidden=""false""    UnhideWhenUsed=""false"" Name=""Dark List Accent 3""/>   <w:LsdException Locked=""false"" Priority=""71"" SemiHidden=""false""    UnhideWhenUsed=""false"" Name=""Colorful Shading Accent 3""/>   <w:LsdException Locked=""false"" Priority=""72"" SemiHidden=""false""    UnhideWhenUsed=""false"" Name=""Colorful List Accent 3""/>   <w:LsdException Locked=""false"" Priority=""73"" SemiHidden=""false""    UnhideWhenUsed=""false"" Name=""Colorful Grid Accent 3""/>   <w:LsdException Locked=""false"" Priority=""60"" SemiHidden=""false""    UnhideWhenUsed=""false"" Name=""Light Shading Accent 4""/>   <w:LsdException Locked=""false"" Priority=""61"" SemiHidden=""false""    UnhideWhenUsed=""false"" Name=""Light List Accent 4""/>   <w:LsdException Locked=""false"" Priority=""62"" SemiHidden=""false""    UnhideWhenUsed=""false"" Name=""Light Grid Accent 4""/>   <w:LsdException Locked=""false"" Priority=""63"" SemiHidden=""false""    UnhideWhenUsed=""false"" Name=""Medium Shading 1 Accent 4""/>   <w:LsdException Locked=""false"" Priority=""64"" SemiHidden=""false""    UnhideWhenUsed=""false"" Name=""Medium Shading 2 Accent 4""/>   <w:LsdException Locked=""false"" Priority=""65"" SemiHidden=""false""    UnhideWhenUsed=""false"" Name=""Medium List 1 Accent 4""/>   <w:LsdException Locked=""false"" Priority=""66"" SemiHidden=""false""    UnhideWhenUsed=""false"" Name=""Medium List 2 Accent 4""/>   <w:LsdException Locked=""false"" Priority=""67"" SemiHidden=""false""    UnhideWhenUsed=""false"" Name=""Medium Grid 1 Accent 4""/>   <w:LsdException Locked=""false"" Priority=""68"" SemiHidden=""false""    UnhideWhenUsed=""false"" Name=""Medium Grid 2 Accent 4""/>   <w:LsdException Locked=""false"" Priority=""69"" SemiHidden=""false""    UnhideWhenUsed=""false"" Name=""Medium Grid 3 Accent 4""/>   <w:LsdException Locked=""false"" Priority=""70"" SemiHidden=""false""    UnhideWhenUsed=""false"" Name=""Dark List Accent 4""/>   <w:LsdException Locked=""false"" Priority=""71"" SemiHidden=""false""    UnhideWhenUsed=""false"" Name=""Colorful Shading Accent 4""/>   <w:LsdException Locked=""false"" Priority=""72"" SemiHidden=""false""    UnhideWhenUsed=""false"" Name=""Colorful List Accent 4""/>   <w:LsdException Locked=""false"" Priority=""73"" SemiHidden=""false""    UnhideWhenUsed=""false"" Name=""Colorful Grid Accent 4""/>   <w:LsdException Locked=""false"" Priority=""60"" SemiHidden=""false""    UnhideWhenUsed=""false"" Name=""Light Shading Accent 5""/>   <w:LsdException Locked=""false"" Priority=""61"" SemiHidden=""false""    UnhideWhenUsed=""false"" Name=""Light List Accent 5""/>   <w:LsdException Locked=""false"" Priority=""62"" SemiHidden=""false""    UnhideWhenUsed=""false"" Name=""Light Grid Accent 5""/>   <w:LsdException Locked=""false"" Priority=""63"" SemiHidden=""false""    UnhideWhenUsed=""false"" Name=""Medium Shading 1 Accent 5""/>   <w:LsdException Locked=""false"" Priority=""64"" SemiHidden=""false""    UnhideWhenUsed=""false"" Name=""Medium Shading 2 Accent 5""/>   <w:LsdException Locked=""false"" Priority=""65"" SemiHidden=""false""    UnhideWhenUsed=""false"" Name=""Medium List 1 Accent 5""/>   <w:LsdException Locked=""false"" Priority=""66"" SemiHidden=""false""    UnhideWhenUsed=""false"" Name=""Medium List 2 Accent 5""/>   <w:LsdException Locked=""false"" Priority=""67"" SemiHidden=""false""    UnhideWhenUsed=""false"" Name=""Medium Grid 1 Accent 5""/>   <w:LsdException Locked=""false"" Priority=""68"" SemiHidden=""false""    UnhideWhenUsed=""false"" Name=""Medium Grid 2 Accent 5""/>   <w:LsdException Locked=""false"" Priority=""69"" SemiHidden=""false""    UnhideWhenUsed=""false"" Name=""Medium Grid 3 Accent 5""/>   <w:LsdException Locked=""false"" Priority=""70"" SemiHidden=""false""    UnhideWhenUsed=""false"" Name=""Dark List Accent 5""/>   <w:LsdException Locked=""false"" Priority=""71"" SemiHidden=""false""    UnhideWhenUsed=""false"" Name=""Colorful Shading Accent 5""/>   <w:LsdException Locked=""false"" Priority=""72"" SemiHidden=""false""    UnhideWhenUsed=""false"" Name=""Colorful List Accent 5""/>   <w:LsdException Locked=""false"" Priority=""73"" SemiHidden=""false""    UnhideWhenUsed=""false"" Name=""Colorful Grid Accent 5""/>   <w:LsdException Locked=""false"" Priority=""60"" SemiHidden=""false""    UnhideWhenUsed=""false"" Name=""Light Shading Accent 6""/>   <w:LsdException Locked=""false"" Priority=""61"" SemiHidden=""false""    UnhideWhenUsed=""false"" Name=""Light List Accent 6""/>   <w:LsdException Locked=""false"" Priority=""62"" SemiHidden=""false""    UnhideWhenUsed=""false"" Name=""Light Grid Accent 6""/>   <w:LsdException Locked=""false"" Priority=""63"" SemiHidden=""false""    UnhideWhenUsed=""false"" Name=""Medium Shading 1 Accent 6""/>   <w:LsdException Locked=""false"" Priority=""64"" SemiHidden=""false""    UnhideWhenUsed=""false"" Name=""Medium Shading 2 Accent 6""/>   <w:LsdException Locked=""false"" Priority=""65"" SemiHidden=""false""    UnhideWhenUsed=""false"" Name=""Medium List 1 Accent 6""/>   <w:LsdException Locked=""false"" Priority=""66"" SemiHidden=""false""    UnhideWhenUsed=""false"" Name=""Medium List 2 Accent 6""/>   <w:LsdException Locked=""false"" Priority=""67"" SemiHidden=""false""    UnhideWhenUsed=""false"" Name=""Medium Grid 1 Accent 6""/>   <w:LsdException Locked=""false"" Priority=""68"" SemiHidden=""false""    UnhideWhenUsed=""false"" Name=""Medium Grid 2 Accent 6""/>   <w:LsdException Locked=""false"" Priority=""69"" SemiHidden=""false""    UnhideWhenUsed=""false"" Name=""Medium Grid 3 Accent 6""/>   <w:LsdException Locked=""false"" Priority=""70"" SemiHidden=""false""    UnhideWhenUsed=""false"" Name=""Dark List Accent 6""/>   <w:LsdException Locked=""false"" Priority=""71"" SemiHidden=""false""    UnhideWhenUsed=""false"" Name=""Colorful Shading Accent 6""/>   <w:LsdException Locked=""false"" Priority=""72"" SemiHidden=""false""    UnhideWhenUsed=""false"" Name=""Colorful List Accent 6""/>   <w:LsdException Locked=""false"" Priority=""73"" SemiHidden=""false""    UnhideWhenUsed=""false"" Name=""Colorful Grid Accent 6""/>   <w:LsdException Locked=""false"" Priority=""19"" SemiHidden=""false""    UnhideWhenUsed=""false"" QFormat=""true"" Name=""Subtle Emphasis""/>   <w:LsdException Locked=""false"" Priority=""21"" SemiHidden=""false""    UnhideWhenUsed=""false"" QFormat=""true"" Name=""Intense Emphasis""/>   <w:LsdException Locked=""false"" Priority=""31"" SemiHidden=""false""    UnhideWhenUsed=""false"" QFormat=""true"" Name=""Subtle Reference""/>   <w:LsdException Locked=""false"" Priority=""32"" SemiHidden=""false""    UnhideWhenUsed=""false"" QFormat=""true"" Name=""Intense Reference""/>   <w:LsdException Locked=""false"" Priority=""33"" SemiHidden=""false""    UnhideWhenUsed=""false"" QFormat=""true"" Name=""Book Title""/>   <w:LsdException Locked=""false"" Priority=""37"" Name=""Bibliography""/>   <w:LsdException Locked=""false"" Priority=""39"" QFormat=""true"" Name=""TOC Heading""/>  </w:LatentStyles> </xml><![endif]-->
    <style>
        <!--
        /* Font Definitions */
        
        @font-face {
            font-family: Arial;
            panose-1: 2 11 6 4 2 2 2 2 2 4;
            mso-font-charset: 0;
            mso-generic-font-family: auto;
            mso-font-pitch: variable;
            mso-font-signature: -536859905 -1073711037 9 0 511 0;
        }
        @font-face {
            font-family: ""Cambria Math"";
            panose-1: 2 4 5 3 5 4 6 3 2 4;
            mso-font-charset: 0;
            mso-generic-font-family: auto;
            mso-font-pitch: variable;
            mso-font-signature: -536870145 1107305727 0 0 415 0;
        }
        @font-face {
            font-family: Calibri;
            panose-1: 2 15 5 2 2 2 4 3 2 4;
            mso-font-charset: 0;
            mso-generic-font-family: auto;
            mso-font-pitch: variable;
            mso-font-signature: -520092929 1073786111 9 0 415 0;
        }
        @font-face {
            font-family: ""Calibri Light"";
            mso-font-alt: Consolas;
            mso-font-charset: 0;
            mso-generic-font-family: swiss;
            mso-font-pitch: variable;
            mso-font-signature: -1610611985 1073750139 0 0 415 0;
        }
        @font-face {
            font-family: SimSun;
            mso-font-charset: 134;
            mso-generic-font-family: auto;
            mso-font-pitch: auto;
            mso-font-signature: 3 680460288 6 0 262145 0;
        }
        @font-face {
            font-family: ""等线 Light"";
            mso-font-alt: ""Segoe Print"";
            mso-font-charset: 0;
            mso-generic-font-family: auto;
            mso-font-pitch: auto;
            mso-font-signature: 0 0 0 0 0 0;
        }
        /* Style Definitions */
        
        p.MsoNormal,
        li.MsoNormal,
        div.MsoNormal {
            mso-style-unhide: no;
            mso-style-qformat: yes;
            mso-style-parent: """";
            margin-top: 0cm;
            margin-right: 0cm;
            margin-bottom: 8.0pt;
            margin-left: 0cm;
            text-align: justify;
            text-justify: inter-ideograph;
            line-height: 107%;
            mso-pagination: widow-orphan;
            font-size: 12.0pt;
            mso-bidi-font-size: 11.0pt;
            font-family: Arial;
            mso-fareast-font-family: Calibri;
            mso-fareast-theme-font: minor-latin;
            mso-bidi-font-family: ""Times New Roman"";
            mso-bidi-theme-font: minor-bidi;
        }
        h1 {
            mso-style-priority: 9;
            mso-style-unhide: no;
            mso-style-qformat: yes;
            mso-style-link: ""Heading 1 Char"";
            mso-style-next: Normal;
            margin-top: 12.0pt;
            margin-right: 0cm;
            margin-bottom: 0cm;
            margin-left: 0cm;
            margin-bottom: .0001pt;
            text-align: justify;
            text-justify: inter-ideograph;
            line-height: 107%;
            mso-pagination: widow-orphan lines-together;
            page-break-after: avoid;
            mso-outline-level: 1;
            font-size: 16.0pt;
            font-family: ""Calibri Light"", ""sans-serif"";
            mso-ascii-font-family: ""Calibri Light"";
            mso-ascii-theme-font: major-latin;
            mso-fareast-font-family: ""等线 Light"";
            mso-fareast-theme-font: major-fareast;
            mso-hansi-font-family: ""Calibri Light"";
            mso-hansi-theme-font: major-latin;
            mso-bidi-font-family: ""Times New Roman"";
            mso-bidi-theme-font: major-bidi;
            color: #2F5496;
            mso-themecolor: accent1;
            mso-themeshade: 191;
            mso-font-kerning: 0pt;
            font-weight: normal;
        }
        p.MsoTitle,
        li.MsoTitle,
        div.MsoTitle {
            mso-style-priority: 10;
            mso-style-unhide: no;
            mso-style-qformat: yes;
            mso-style-link: ""Title Char"";
            mso-style-next: Normal;
            margin: 0cm;
            margin-bottom: .0001pt;
            mso-add-space: auto;
            text-align: justify;
            text-justify: inter-ideograph;
            mso-pagination: widow-orphan;
            font-size: 28.0pt;
            font-family: ""Calibri Light"", ""sans-serif"";
            mso-ascii-font-family: ""Calibri Light"";
            mso-ascii-theme-font: major-latin;
            mso-fareast-font-family: ""等线 Light"";
            mso-fareast-theme-font: major-fareast;
            mso-hansi-font-family: ""Calibri Light"";
            mso-hansi-theme-font: major-latin;
            mso-bidi-font-family: ""Times New Roman"";
            mso-bidi-theme-font: major-bidi;
            letter-spacing: -.5pt;
            mso-font-kerning: 14.0pt;
        }
        p.MsoTitleCxSpFirst,
        li.MsoTitleCxSpFirst,
        div.MsoTitleCxSpFirst {
            mso-style-priority: 10;
            mso-style-unhide: no;
            mso-style-qformat: yes;
            mso-style-link: ""Title Char"";
            mso-style-next: Normal;
            mso-style-type: export-only;
            margin: 0cm;
            margin-bottom: .0001pt;
            mso-add-space: auto;
            text-align: justify;
            text-justify: inter-ideograph;
            mso-pagination: widow-orphan;
            font-size: 28.0pt;
            font-family: ""Calibri Light"", ""sans-serif"";
            mso-ascii-font-family: ""Calibri Light"";
            mso-ascii-theme-font: major-latin;
            mso-fareast-font-family: ""等线 Light"";
            mso-fareast-theme-font: major-fareast;
            mso-hansi-font-family: ""Calibri Light"";
            mso-hansi-theme-font: major-latin;
            mso-bidi-font-family: ""Times New Roman"";
            mso-bidi-theme-font: major-bidi;
            letter-spacing: -.5pt;
            mso-font-kerning: 14.0pt;
        }
        p.MsoTitleCxSpMiddle,
        li.MsoTitleCxSpMiddle,
        div.MsoTitleCxSpMiddle {
            mso-style-priority: 10;
            mso-style-unhide: no;
            mso-style-qformat: yes;
            mso-style-link: ""Title Char"";
            mso-style-next: Normal;
            mso-style-type: export-only;
            margin: 0cm;
            margin-bottom: .0001pt;
            mso-add-space: auto;
            text-align: justify;
            text-justify: inter-ideograph;
            mso-pagination: widow-orphan;
            font-size: 28.0pt;
            font-family: ""Calibri Light"", ""sans-serif"";
            mso-ascii-font-family: ""Calibri Light"";
            mso-ascii-theme-font: major-latin;
            mso-fareast-font-family: ""等线 Light"";
            mso-fareast-theme-font: major-fareast;
            mso-hansi-font-family: ""Calibri Light"";
            mso-hansi-theme-font: major-latin;
            mso-bidi-font-family: ""Times New Roman"";
            mso-bidi-theme-font: major-bidi;
            letter-spacing: -.5pt;
            mso-font-kerning: 14.0pt;
        }
        p.MsoTitleCxSpLast,
        li.MsoTitleCxSpLast,
        div.MsoTitleCxSpLast {
            mso-style-priority: 10;
            mso-style-unhide: no;
            mso-style-qformat: yes;
            mso-style-link: ""Title Char"";
            mso-style-next: Normal;
            mso-style-type: export-only;
            margin: 0cm;
            margin-bottom: .0001pt;
            mso-add-space: auto;
            text-align: justify;
            text-justify: inter-ideograph;
            mso-pagination: widow-orphan;
            font-size: 28.0pt;
            font-family: ""Calibri Light"", ""sans-serif"";
            mso-ascii-font-family: ""Calibri Light"";
            mso-ascii-theme-font: major-latin;
            mso-fareast-font-family: ""等线 Light"";
            mso-fareast-theme-font: major-fareast;
            mso-hansi-font-family: ""Calibri Light"";
            mso-hansi-theme-font: major-latin;
            mso-bidi-font-family: ""Times New Roman"";
            mso-bidi-theme-font: major-bidi;
            letter-spacing: -.5pt;
            mso-font-kerning: 14.0pt;
        }
        a:link,
        span.MsoHyperlink {
            mso-style-priority: 99;
            color: #0563C1;
            mso-themecolor: hyperlink;
            mso-style-textfill-fill-color: #0563C1;
            mso-style-textfill-fill-themecolor: hyperlink;
            mso-style-textfill-fill-alpha: 100.0%;
            text-decoration: underline;
            text-underline: single;
        }
        a:visited,
        span.MsoHyperlinkFollowed {
            mso-style-noshow: yes;
            mso-style-priority: 99;
            color: #954F72;
            mso-themecolor: followedhyperlink;
            text-decoration: underline;
            text-underline: single;
        }
        span.Heading1Char {
            mso-style-name: ""Heading 1 Char"";
            mso-style-priority: 9;
            mso-style-unhide: no;
            mso-style-locked: yes;
            mso-style-link: ""Heading 1"";
            mso-ansi-font-size: 16.0pt;
            mso-bidi-font-size: 16.0pt;
            font-family: ""Calibri Light"", ""sans-serif"";
            mso-ascii-font-family: ""Calibri Light"";
            mso-ascii-theme-font: major-latin;
            mso-fareast-font-family: ""等线 Light"";
            mso-fareast-theme-font: major-fareast;
            mso-hansi-font-family: ""Calibri Light"";
            mso-hansi-theme-font: major-latin;
            mso-bidi-font-family: ""Times New Roman"";
            mso-bidi-theme-font: major-bidi;
            color: #2F5496;
            mso-themecolor: accent1;
            mso-themeshade: 191;
        }
        span.TitleChar {
            mso-style-name: ""Title Char"";
            mso-style-priority: 10;
            mso-style-unhide: no;
            mso-style-locked: yes;
            mso-style-link: Title;
            mso-ansi-font-size: 28.0pt;
            mso-bidi-font-size: 28.0pt;
            font-family: ""Calibri Light"", ""sans-serif"";
            mso-ascii-font-family: ""Calibri Light"";
            mso-ascii-theme-font: major-latin;
            mso-fareast-font-family: ""等线 Light"";
            mso-fareast-theme-font: major-fareast;
            mso-hansi-font-family: ""Calibri Light"";
            mso-hansi-theme-font: major-latin;
            mso-bidi-font-family: ""Times New Roman"";
            mso-bidi-theme-font: major-bidi;
            letter-spacing: -.5pt;
            mso-font-kerning: 14.0pt;
        }
        .MsoChpDefault {
            mso-style-type: export-only;
            mso-default-props: yes;
            font-size: 10.0pt;
            mso-ansi-font-size: 10.0pt;
            mso-bidi-font-size: 10.0pt;
            mso-fareast-font-family: SimSun;
        }
        @page WordSection1 {
            size: 612.0pt 792.0pt;
            margin: 72.0pt 90.0pt 72.0pt 90.0pt;
            mso-header-margin: 36.0pt;
            mso-footer-margin: 36.0pt;
            mso-paper-source: 0;
        }
        div.WordSection1 {
            page: WordSection1;
        }
        -->
    </style>
    <!--[if gte mso 10]> <style>  /* Style Definitions */ table.MsoNormalTable {mso-style-name:""Table Normal""; mso-tstyle-rowband-size:0; mso-tstyle-colband-size:0; mso-style-noshow:yes; mso-style-priority:99; mso-style-parent:""""; mso-padding-alt:0cm 5.4pt 0cm 5.4pt; mso-para-margin:0cm; mso-para-margin-bottom:.0001pt; mso-pagination:widow-orphan; font-size:10.0pt; font-family:""Times New Roman"";} </style> <![endif]-->
    <!--StartFragment-->
    <!--EndFragment-->
</p>
<p class=""MsoNormal"" style=""font-size: 14px; font-family: &quot;Times New Roman&quot;;"">&nbsp;</p>
<p class=""MsoNormal"" style=""font-size: 14px; font-family: &quot;Times New Roman&quot;;"">For More Visit -</p>
<p class=""MsoNormal""><span style=""font-size: 14px; font-family: &quot;Times New Roman&quot;;"">www.satkingorbit.com.au&nbsp; &nbsp;&nbsp;</span>
    <o:p></o:p>
</p>",1731533,24-Jun-2019 12:38:25 PM,24-Jun-2019 12:16:53 PM,24-Jun-2019 12:38:26 PM,24-Jun-2019 12:38:26 PM,best-satellite-system-for-caravan; satellite dish for caravan; caravan satellite dish,N,what-is-caravan-satellite-dish,What Is Caravan Satellite Dish?,"Caravan Satellite Dish is a Dish to setup on Caravan, Motorhome or Motor vehicle to receive satellite signal to watch Tv. Viewers can watch free to air Tv, Digital and Foxtel by using Caravan Satellite Dish.",/Satking-Orbit-Sat-Dish-For-Caravan.jpg,what-is-caravan-satellite-dish,/satking-orbit-caravan-satellite-dish/what-is-caravan-satellite-dish
771349,How to watch TV in Caravan &amp; motorhome,"<p>&nbsp;</p>
<p>&nbsp;</p>
<p class=""MsoNormal"" style=""text-align:justify;line-height:150%""><b style=""mso-bidi-font-weight:normal""><em><span style=""font-size: 16px;"">How to watch TV in Caravan &amp; motorhome</span><o:p style=""font-size: 16px;""></o:p></em></b>    </p>
<p class=""MsoNormal"" style=""text-align: justify; line-height: 150%; font-size: 16px;""><em>Getting good TV signal can be frustrating at times. It becomes even harder to get good reception when you are travelling in a caravan. There are people who believe in RVing especially after retirement and these people had challenges when it came to watching television. <o:p></o:p></em>    </p>
<p class=""MsoNormal"" style=""text-align: justify; line-height: 150%; font-size: 16px;""><em>Cruising across the country is amazing and fun but it’s much better and more enjoyable when you have a TV satellite dish for caravan. But how exactly do you do it? <o:p></o:p></em>    </p>
<p class=""MsoNormal"" style=""text-align: justify; line-height: 150%; font-size: 16px;""><em>With a fully automatic satellite dish, you can watch TV in your caravan from anywhere. The satellite dish is easy to use and connects automatically and you will get reception all over Australia. With an automatic satellite dish, the signal is captured by the satellite dish. The signal is then transmitted through a controller that sends it through to the horn with the dish focusing the signal into a narrow beam. <o:p></o:p></em>    </p>
<p class=""MsoNormal"" style=""text-align: justify; line-height: 150%; font-size: 16px;""><em>Unlike with the automatic dishes, the manual dishes take time and are hard to set up plus they give low quality video and sound. With these, you have to connect the cables, from the dish’s receiver to the TV set in the caravan. It takes time and is hard to set up plus you have to position the dish in a certain angle. Whether you are a camper or an off road enthusiast, you don’t have to depend on manual dishes.</em>    </p>
<p class=""MsoNormal"" style=""text-align: justify; line-height: 150%; font-size: 16px;""><em><img src=""/Satking-Orbit-Sat-Dish-For-Caravan.jpg?Action=thumbnail&amp;algorithm=fill_proportional&amp;width=419"" width=""419""><br /></em> </p>
<p class=""MsoNormal"" style=""text-align: justify; line-height: 150%; font-size: 16px;""><em> <o:p><br /></o:p></em> </p>
<p class=""MsoNormal"" style=""text-align: justify; line-height: 150%; font-size: 16px;""><em>The automatic satellite dish doesn’t have a cable connection with the TV set. It connects automatically with the TV making it easier to use. It doesn’t have compatibility issues and its portable as compared to the manual dishes which must have an active cable connection all the time.<o:p></o:p></em>    </p>
<p class=""MsoNormal"" style=""text-align: justify; line-height: 150%; font-size: 16px;""><em>The automatic satellite dishes are used in vehicles in motion. These dishes use GPS positioning sensors and gyroscopes plus a unique satellite identification data coupled with an integrated DVB decoder that aids in the identification of the satellite.<o:p></o:p></em>    </p>
<p class=""MsoNormal"" style=""text-align: justify; line-height: 150%; font-size: 16px;""><em>With the motorhome tv satellite dish, there are stepper motors that drive and aim the dish. The gyroscopes are used to detect changes in the satellite dish position when the caravan is in motion. It also has a low-noise block converter, a control unit and a parabolic reflector.<o:p></o:p></em>    </p>
<p class=""MsoNormal"" style=""text-align: justify; line-height: 150%; font-size: 16px;""><em>The receiver does scramble the encrypted signal to unlock the signal making it identifiable in the TV. The receiver also converts the digital MPEG signal to analog format recognized by the standard television. With a caravan satellite dish, you get to watch all the TV stations available in Australia including free to air and Foxtel. <span style=""mso-spacerun:yes"">&nbsp;<o:p></o:p></span></em>    </p>
<p class=""MsoNormal"" style=""text-align: justify; line-height: 150%; font-size: 16px;""><em>Retirement is a fine age to go across the country in your caravan. Carrying your home in the caravan provides a sense of pride knowing that you are home and nothing can deter you from having all the fun you want. Your favorite shows or games don’t have to pass you. Simply get an automatic motorhome satellite dish that is easy to set up and use. Get to enjoy your favorite shows as you cruise through the country in your motorhome.<o:p></o:p></em>    </p>
<p class=""MsoNormal"" style=""text-align: justify; line-height: 150%; font-size: 16px;""><em>Being able to watch TV in your motorhome adds cherry to your holiday. You don’t have to get bored as you wait for the weather to clear and continue your journey or when you are enjoying a break.<o:p></o:p></em>    </p>
<p class=""MsoNormal"" style=""text-align: justify; line-height: 150%; font-size: 16px;""><em>Most of the people who prefer relaxing away from the daily hustles of life in their caravans prefer having some sort of entertainment with them. Instead of having internet and computers tag along your journey, why not get away from all that? Get a Satking Orbit fully automatic caravan satellite dish and take your TV with you all the way. Enjoy all your favorite shows on the road without the worries of poor signal reception and such using a digital fully automatic satellite dish.<o:p></o:p></em>    </p>
<p class=""MsoNormal"" style=""text-align: justify; line-height: 150%; font-size: 16px;"">
    <o:p><em>&nbsp;For More...</em> </o:p>
</p>
<p class=""MsoNormal"" style=""text-align: justify; line-height: 150%; font-size: 16px;"">
    <o:p><em>&nbsp;</em>
    </o:p>
</p>
<p style=""font-size: 16px;""><em><a href=""https://www.satkingorbit.com.au/"">https://www.satkingorbit.com.au/</a></em>
</p><em style=""font-size: 16px;"">&nbsp;</em>
<p style=""font-size: 16px;"">&nbsp;</p>
<p class=""MsoNormal"" style=""text-align: justify; line-height: 150%; font-size: 16px;"">
    <o:p><em>&nbsp;</em> </o:p>
</p>
<p class=""MsoNormal"" style=""text-align: justify; line-height: 150%; font-size: 16px;"">
    <o:p><em>&nbsp;</em> </o:p>
</p>
<!--EndFragment-->
<br />
<p>&nbsp;</p>
<p>&nbsp;</p>
<style>
    <!--
    /* Font Definitions */
    
    @font-face {
        font-family: ""Cambria Math"";
        panose-1: 2 4 5 3 5 4 6 3 2 4;
        mso-font-charset: 0;
        mso-generic-font-family: roman;
        mso-font-pitch: variable;
        mso-font-signature: 3 0 0 0 1 0;
    }
    @font-face {
        font-family: Calibri;
        panose-1: 2 15 5 2 2 2 4 3 2 4;
        mso-font-charset: 0;
        mso-generic-font-family: swiss;
        mso-font-pitch: variable;
        mso-font-signature: -536859905 -1073697537 9 0 511 0;
    }
    /* Style Definitions */
    
    p.MsoNormal,
    li.MsoNormal,
    div.MsoNormal {
        mso-style-unhide: no;
        mso-style-qformat: yes;
        mso-style-parent: """";
        margin-top: 0cm;
        margin-right: 0cm;
        margin-bottom: 8.0pt;
        margin-left: 0cm;
        line-height: 107%;
        mso-pagination: widow-orphan;
        font-size: 11.0pt;
        font-family: ""Calibri"", sans-serif;
        mso-ascii-font-family: Calibri;
        mso-ascii-theme-font: minor-latin;
        mso-fareast-font-family: Calibri;
        mso-fareast-theme-font: minor-latin;
        mso-hansi-font-family: Calibri;
        mso-hansi-theme-font: minor-latin;
        mso-bidi-font-family: Arial;
        mso-bidi-theme-font: minor-bidi;
        mso-ansi-language: EN-US;
        mso-fareast-language: EN-US;
    }
    .MsoChpDefault {
        mso-style-type: export-only;
        mso-default-props: yes;
        font-size: 11.0pt;
        mso-ansi-font-size: 11.0pt;
        mso-bidi-font-size: 11.0pt;
        font-family: ""Calibri"", sans-serif;
        mso-ascii-font-family: Calibri;
        mso-ascii-theme-font: minor-latin;
        mso-fareast-font-family: Calibri;
        mso-fareast-theme-font: minor-latin;
        mso-hansi-font-family: Calibri;
        mso-hansi-theme-font: minor-latin;
        mso-bidi-font-family: Arial;
        mso-bidi-theme-font: minor-bidi;
        mso-ansi-language: EN-US;
        mso-fareast-language: EN-US;
    }
    .MsoPapDefault {
        mso-style-type: export-only;
        margin-bottom: 8.0pt;
        line-height: 107%;
    }
    @page WordSection1 {
        size: 612.0pt 792.0pt;
        margin: 72.0pt 72.0pt 72.0pt 72.0pt;
        mso-header-margin: 36.0pt;
        mso-footer-margin: 36.0pt;
        mso-paper-source: 0;
    }
    div.WordSection1 {
        page: WordSection1;
    }
    -->
</style>",1498531,12-Nov-2019 12:08:58 PM,12-Nov-2019 12:05:56 PM,12-Nov-2019 12:08:58 PM,12-Nov-2019 12:08:58 PM,TV-Satellite-Dish-For-Caravan; best-satellite-system-for-caravan; caravan satellite dish; satellite dish for caravan,N,how-to-watch-tv-in-caravan-motorhome,How to watch TV in Caravan &amp; motorhome,"With a fully automatic satellite dish, you can watch TV in your caravan from anywhere. The satellite dish is easy to use and connects automatically and you will get reception all over Australia. With an automatic satellite dish, the signal is captured by the satellite dish. The signal is then transmitted through a controller that sends it through to the horn with the dish focusing the signal into a narrow beam.",/Fully-Automatic-Satellite-Dish-Caravan-Motorhome.jpg,how-to-watch-tv-in-caravan-motorhome,/satking-orbit-caravan-satellite-dish/how-to-watch-tv-in-caravan-motorhome
774431,Vast Satellite Receiver By SatKing ,"<p>&nbsp;</p>
<p>The SatKing DVBS2-980CA is Australia’s first VAST &amp; Freeview Plus certified satellite TV receiver, making this unit the most advanced VAST receiver
    on the the market. Fully designed in Australia this top of the range receiver brings a new level of features to the VAST platform.</p>
<p>The receiver has Freeview Plus catch up TV and the enhanced Freeview Plus EPG built in. No longer will you miss your favourite programs, you can simply
    go back in the Freeview Plus program guide and catch up available programs.</p>
<p>Connect an external hard disk drive (up to 3TB) and take advantage of the twin tuners, you can record two different channels and watch a third program
    from within a network all at the one time. You can also use the receivers advanced media playback functions to playback movies in AVI, DIVX, MOV, FLV,
    MKV, MP4 files and pictures via the 2 USB ports.</p>
<p>The receiver has all the market leading features you expect from SatKing like compact size, built in signal</p>
<p><img src=""/AUSTRALIA'S BEST VAST RECEIVER (1).png?Action=thumbnail&amp;algorithm=fill_proportional&amp;width=399"" style=""margin: auto; display: block;"" width=""399"">
    <br />
</p>
<p>&nbsp;</p>
<p>&nbsp;</p>
<p>Features:</p>
<ul>
    <li>Australian VAST Certified</li>
    <li>Freeview Plus Catch up TV Certified</li>
    <li>High Definition MPEG4 Compliant</li>
    <li>Twin Tuner, Record and 2 Channels and Watch a 3rd from Within a Network</li>
    <li>USB PVR Ready 3TB Maximum External Hard Disk Drive</li>
    <li>Pause &amp; Rewind Live TV</li>
    <li>Compact Size 230x163x43mm</li>
    <li>Low Power Consumption with Energy Saving Function</li>
    <li>8 Day EPG with Series Link</li>
    <li>Enhanced Freeview EPG</li>
    <li>Catch up Services ABC i-View, SBS On Demand, Plus7, 9Now, Ten Play</li>
    <li>Signal Finder with Beeper</li>
    <li>Optional WIFI Dongle &amp; Infrared Target</li>
    <li>Subtitles Supported (Closed Captions)</li>
    <li>1080P Upscaling</li>
    <li>Learning Remote</li>
    <li>Over The Air Software Download Supported</li>
    <li>Easy to Use with Auto tuning and One Touch Recording&nbsp;</li>
    <li>Optus Sport EPL Compatible (Subscription Required)&nbsp; &nbsp; &nbsp;</li>
</ul>
<div>&nbsp;</div>
<div>
    <p>For More Details</p>
    <p><a href=""https://www.satking.com.au/satellite-tv/vast-satellite-receiver/satking-dvbs2-980ca-vast-twin-tuner-satellite-receiver.htm"">https://www.satking.com.au/satellite-tv/vast-satellite-receiver/satking-dvbs2-980ca-vast-twin-tuner-satellite-receiver.htm</a>        </p>
    <br />
</div>
<p>&nbsp;</p>
<p>&nbsp;</p>
<p>&nbsp;</p>",9895,22-Sep-2020 12:00:00 AM,22-Sep-2020 01:33:24 PM,29-Oct-2020 12:53:30 PM,29-Oct-2020 12:53:30 PM,Satellite receiver box; Satellite vast receiver box; Satking vast receiver; vast receiver; vast receiver box,N,vast-satellite-receiver-by-satking,Vast Satellite Receiver By SatKing ,"The SatKing DVBS2-980CA is Australia’s first VAST &amp; Freeview Plus certified satellite TV receiver, making this unit the most advanced VAST receiver on the the market. Fully designed in Australia this top of the range receiver brings a new level of features to the VAST platform.",/AUSTRALIA'S BEST VAST RECEIVER.png,vast-satellite-receiver-by-satking,/satking-orbit-caravan-satellite-dish/vast-satellite-receiver-by-satking
